NomeFantasia,RazaoSocial,UF,CNPJ
HOSPITAL UNIMED ANGRA,CLASS LTDA - CENTRO MÉDICO PARQUE DAS PALMEIRAS,RJ,30.325.856/0001-06
FUABC - POLICLINICA PARAISO  SP,FUNDAÇÃO DO ABC,SP,81.639.381/0001-55
FUABC - PRONTO ATENDIMENTO MARIA DIRCE  SP,FUNDAÇÃO DO ABC,SP,08.512.671/0001-43
SUL AMERICA INDIVIDUAL  ,EMPRESA CONVÊNIO,SP,99.990.990/9900-90
AERONAUTICA - CINDACTA2,EMPRESA CONVÊNIO,SP,99.990.990/9900-90
AGEMED SAUDE S/A,EMPRESA CONVÊNIO,SP,99.990.990/9900-91
ALL SUL,EMPRESA CONVÊNIO,SP,99.990.990/9900-92
ALLIANZ,EMPRESA CONVÊNIO,SP,99.990.990/9900-93
AMIL,EMPRESA CONVÊNIO,SP,99.990.990/9900-94
AMIL PLANOS,EMPRESA CONVÊNIO,SP,99.990.990/9900-95
ASSEFAZ,EMPRESA CONVÊNIO,SP,99.990.990/9900-96
BANCO CENTRAL HOSVI,EMPRESA CONVÊNIO,SP,99.990.990/9900-97
BRADESCO SAUDE EMPRESARIAL,EMPRESA CONVÊNIO,SP,99.990.990/9900-98
BRADESCO SAUDE INDIVIDUAL,EMPRESA CONVÊNIO,SP,99.990.990/9900-99
CAPESAUDE,EMPRESA CONVÊNIO,SP,99.990.990/9900-10
CASEMBRAPA,EMPRESA CONVÊNIO,SP,99.990.990/9900-11
CASSI,EMPRESA CONVÊNIO,SP,99.990.990/9900-12
CONAB,EMPRESA CONVÊNIO,SP,99.990.990/9900-13
COPEL,EMPRESA CONVÊNIO,SP,99.990.990/9900-14
DIVINA PROVIDENCIA,EMPRESA CONVÊNIO,SP,99.990.990/9900-15
ELETROSUL,EMPRESA CONVÊNIO,SP,99.990.990/9900-16
EMBRATEL,EMPRESA CONVÊNIO,SP,99.990.990/9900-17
ESTIVA,EMPRESA CONVÊNIO,SP,99.990.990/9900-18
EVANGELICO SAÚDE LTDA,EMPRESA CONVÊNIO,SP,99.990.990/9900-19
FILANTROPIA,EMPRESA CONVÊNIO,SP,99.990.990/9900-20
FUNBEP PASS,EMPRESA CONVÊNIO,SP,99.990.990/9900-21
FUSEX,EMPRESA CONVÊNIO,SP,99.990.990/9900-22
GAMA SAUDE,EMPRESA CONVÊNIO,SP,99.990.990/9900-23
GEAP,EMPRESA CONVÊNIO,SP,99.990.990/9900-24
ICS,EMPRESA CONVÊNIO,SP,99.990.990/9900-25
ICS - ORTOPEDIA / GINECOLOGIA,EMPRESA CONVÊNIO,SP,99.990.990/9900-26
ICS ONCOLOGIA,EMPRESA CONVÊNIO,SP,99.990.990/9900-27
ITAIPU,EMPRESA CONVÊNIO,SP,99.990.990/9900-28
JUDICEMED,EMPRESA CONVÊNIO,SP,99.990.990/9900-29
MARINHA,EMPRESA CONVÊNIO,SP,99.990.990/9900-30
MEDIAL SAUDE,EMPRESA CONVÊNIO,SP,99.990.990/9900-31
MEDISERVICE,EMPRESA CONVÊNIO,SP,99.990.990/9900-32
NOTRE DAME,EMPRESA CONVÊNIO,SP,99.990.990/9900-33
OMINT,EMPRESA CONVÊNIO,SP,99.990.990/9900-34
PAME,EMPRESA CONVÊNIO,SP,99.990.990/9900-35
PAMS CAIXA,EMPRESA CONVÊNIO,SP,99.990.990/9900-36
PARTICULAR,EMPRESA CONVÊNIO,SP,99.990.990/9900-37
PETRO AMBEP LARANJA,EMPRESA CONVÊNIO,SP,99.990.990/9900-38
PETRO REPAR -SAUDE OCUPACIONAL,EMPRESA CONVÊNIO,SP,99.990.990/9900-39
PETROBRAS DISTRIBUIDORA - BR,EMPRESA CONVÊNIO,SP,99.990.990/9900-40
PETROBRAS REFINARIA - BR,EMPRESA CONVÊNIO,SP,99.990.990/9900-41
PLADISA,EMPRESA CONVÊNIO,SP,99.990.990/9900-42
PLAN ASSISTE - (MPF),EMPRESA CONVÊNIO,SP,99.990.990/9900-43
PLAN ASSISTE - (MPM),EMPRESA CONVÊNIO,SP,99.990.990/9900-44
PLAN ASSISTE - (MPT),EMPRESA CONVÊNIO,SP,99.990.990/9900-45
PLAN ASSISTE (MPDFT),EMPRESA CONVÊNIO,SP,99.990.990/9900-46
POSTAL SAUDE (CORREIOS),EMPRESA CONVÊNIO,SP,99.990.990/9900-47
PROASA,EMPRESA CONVÊNIO,SP,99.990.990/9900-48
SANEPAR,EMPRESA CONVÊNIO,SP,99.990.990/9900-49
SUL AMERICA EMPRESARIAL,EMPRESA CONVÊNIO,SP,99.990.990/9900-50
SUL AMERICA EMPRESARIAL -  AMB,EMPRESA CONVÊNIO,SP,99.990.990/9900-51
SUL AMERICA IND AMBULAT,EMPRESA CONVÊNIO,SP,99.990.990/9900-52
TELOS,EMPRESA CONVÊNIO,SP,99.990.990/9900-54
UNAFISCO,EMPRESA CONVÊNIO,SP,99.990.990/9900-55
UNIMED CURITIBA,EMPRESA CONVÊNIO,SP,99.990.990/9900-56
UNIMED INTERCAMBIO,EMPRESA CONVÊNIO,SP,99.990.990/9900-57
VOAM,EMPRESA CONVÊNIO,SP,99.990.990/9900-58
UNIMED INTER FEDERAÇÃO,CONÊNVIO - UNIMED FED,RJ,99.990.990/9900-99
IPASGO,EMPRESA CONVÊNIO,SP,99.990.990/9900-90
SUS,EMPRESA CONVÊNIO,DF,90.909.909.9009-90
APUB,APUB,SP,99.990.990/9900-90
ASFEB,ASFEB,SP,99.990.990/9900-90
BANCO CENTRAL,BANCO CENTRAL,SP,99.990.990/9900-90
BASE AEREA,BASE AEREA,SP,99.990.990/9900-90
BENEFICENCIA,BENEFICENCIA,SP,99.990.990/9900-90
CASSEB,CASSEB,SP,99.990.990/9900-90
CEF,CEF,SP,99.990.990/9900-90
CNU 0865 E 0067,CNU 0865 E 0067,SP,99.990.990/9900-90
CNU INTERCAMBIO,CNU INTERCAMBIO,SP,99.990.990/9900-90
CVE ASSIST,CVE ASSIST,SP,99.990.990/9900-90
DELFIN IMAGEM,DELFIN IMAGEM,SP,99.990.990/9900-90
EAS SAÚDE,EAS SAÚDE,SP,99.990.990/9900-90
EPHARMA,EPHARMA,SP,99.990.990/9900-90
EURO CENTER,EURO CENTER,SP,99.990.990/9900-90
EUROP ASSISTANCE,EUROP ASSISTANCE,SP,99.990.990/9900-90
FACHESF,FACHESF,SP,99.990.990/9900-90
GIRO MARINE,GIRO MARINE,SP,99.990.990/9900-90
HAPVIDA,HAPVIDA,SP,99.990.990/9900-90
HEMO SÃO LUCAS,HEMO SÃO LUCAS,SP,99.990.990/9900-90
INB,INB,SP,99.990.990/9900-90
INTER PARTNER/AXA,INTER PARTNER/AXA,SP,99.990.990/9900-90
LAA - LATIN AMERICAN ASSISTANCE,LAA - LATIN AMERICAN ASSISTANCE,SP,99.990.990/9900-90
LUMAR,LUMAR,SP,99.990.990/9900-90
MEDICINA DO TRABALHO,MEDICINA DO TRABALHO,SP,99.990.990/9900-90
MINISTERIO DO EXERCITO,MINISTERIO DO EXERCITO,SP,99.990.990/9900-90
MONDIAL ASSISTANCE BRASIL,MONDIAL ASSISTANCE BRASIL,SP,99.990.990/9900-90
PLAN DISTRITO FEDERAL,PLAN DISTRITO FEDERAL,SP,99.990.990/9900-90
PLAN MILITAR,PLAN MILITAR,SP,99.990.990/9900-90
PLAN REPUBLICA,PLAN REPUBLICA,SP,99.990.990/9900-90
PLAN TRABALHO,PLAN TRABALHO,SP,99.990.990/9900-90
PLANSERV,PLANSERV,SP,99.990.990/9900-90
PORTO SEGURO,PORTO SEGURO,SP,99.990.990/9900-90
PROBABY,PROBABY,SP,99.990.990/9900-90
PROMEDICA HP,PROMEDICA HP,SP,99.990.990/9900-90
PROMEDICA OUTROS,PROMEDICA OUTROS,SP,99.990.990/9900-90
SALVADOR SHOPPING,SALVADOR SHOPPING,SP,99.990.990/9900-90
SEGUROS UNIMED,SEGUROS UNIMED,SP,99.990.990/9900-90
SERB,SERB,SP,99.990.990/9900-90
TAC PCD,TAC PCD,SP,99.990.990/9900-90
TRAVEL ACE ASSISTANCE,TRAVEL ACE ASSISTANCE,SP,99.990.990/9900-90
TRT5 SAÚDE,TRT5 SAÚDE,SP,99.990.990/9900-90
UHS BRAZIL,UHS BRAZIL,SP,99.990.990/9900-90
UNIÃO MEDICA,UNIÃO MEDICA,SP,99.990.990/9900-90
UNIMED FEIRA DE SANTANA,UNIMED FEIRA DE SANTANA,SP,99.990.990/9900-90
UNIMED NORTE/NORDESTE,UNIMED NORTE/NORDESTE,SP,99.990.990/9900-90
VALE,VALE,SP,99.990.990/9900-90
SINTESE BUSINESS TO BUSINESS,SINTESE LICENCIAMENTO DE PROGRAMAS PARA COMPRAS ON-LINE LTDA,PE,16.783.034/0001-30
HOSPITAL SANTO AMARO   PE - ANTIGO,IRMANDADE DA SANTA CASA DE MISERICÓRDIA DO RECIFE,PE,10.869.782/0001-53
HOSPITAL SÃO MARCOS   PE,MAIS - MULTI ASSISTÊNCIA INCORPORADA A SAÚDE LTDA,PE,00.175.251/0001-07
HOSPITAL GERAL E URGÊNCIA   HGU PETROLINA   PE,CENTRO HOSPITALAR SÃO FRANCISCO S/C LTDA,PE,11.470.358/0001-02
POLICLINICA RESENDE   RJ,POLICLINICA RESENDE SERVIÇOS MÉDICOS LTDA,RJ,30.208.326/0001-70
CARDIOTRAUMA   RJ,ESHO EMPRESA DE SERVIÇOS HOSPITALARES LTDA,RJ,29.435.005/0005-52
MARIO LIONI   RJ,ESHO EMPRESA DE SERVIÇOS HOSPITALARES LTDA,RJ,29.435.005/0034-97
HOSPITAL DE CLINICAS DE NITERÓI   RJ,HOSPITAL DE CLINICAS DE NITERÓI LTDA,RJ,27.781.293/0001-48
SÃO LUCAS   RJ,PRESLAF – EMPRESA DE SERVIÇOS HOSPITALARES LTDA,RJ,04.023.995/0002-48
HOSPITAL SÃO LUIZ   APAMI SURUBIM   PE,ASSOCIAÇÃO DE PROT. A MAT. E A INFÂNCIA DE SURUBIM,PE,11.754.025/0001-05
SÍNTESE   COMPRAS ON LINE   PE,SÍNTESE - PORTAL DE NEGÓCIOS LTDA,PE,00.000.000/0000-00
HOSPITAL MEMORIAL SÃO JOSÉ   PE,HOSPITAL MEMORIAL SÃO JOSÉ LTDA.,PE,70.237.144/0001-41
TENERIFE ADMINISTRAÇÃO E NEGÓCIOS LTDA   PE,TENERIFE ADMINISTRAÇÃO E NEGÓCIOS LTDA,PE,04.318.353/0001-95
DILAB MEDIDCINA NUCLEAR LTDA   PE,DILAB MEDIDCINA NUCLEAR LTDA,PE,00.099.210/0002-60
MULTIANGIO LTDA   PE,MULTIANGIO LTDA,PE,03.019.475/0001-18
TOPIMAGEM DIAGNÓSTICO POR IMAGEM LTDA   PE,TOPIMAGEM DIAGNÓSTICO POR IMAGEM LTDA,PE,41.090.192/0001-51
HOSPITAL BANDEIRANTES   SP,SOCIEDADE ASSISTENCIAL BANDEIRANTES,SP,46.543.781/0006-76
HOSPITAL GLÓRIA   SP,SOCIEDADE ASSISTENCIAL BANDEIRANTES,SP,46.543.781/0002-42
HOSPITAL LACAN   SP,SOCIEDADE ASSISTENCIAL BANDEIRANTES,SP,46.543.781/0010-52
HOSPITAL LEFORTE   SP,SOCIEDADE ASSISTENCIAL BANDEIRANTES,SP,46.543.781/0011-33
IMIP - FUND. PROF. MARTINIANO FERNANDES   PE,FUNDAÇÃO PROFESSOR MARTINIANO FERNANDES - IMIP,PE,09.039.744/0001-94
CLÍNICA PSIQUIÁTRICA SANTO ANTÔNIO   PE,CLÍNICA PSIQUIÁTRICA SANTO ANTÔNIO,PE,10.882.132/0001-48
GRATÍCIA   PE,GRATÍCIA PRODUTOS ALIMENTÍCIOS S/A,PE,01.083.857/0001-85
CENTRAL DE COMPRAS AHSEB   SALVADOR/BA,ASS. DE HOSP. E SER. DE SAÚDE DO ESTADO DA BAHIA,BA,13.533.153/0001-46
DAYHORC   ITABUNA   BA,HOSPITAL DE OLHOS RUY CUNHA LTDA,BA,13.188.370/0001-46
DAYHORC   ITAIGARA   BA,HOSPITAL DE OLHOS RUY CUNHA LTDA,BA,13.188.370/0002-27
DAYHORC   EUNÁPOLIS   BA,INSTITUTO DE OLHOS DE EUNÁPOLIS S/C LTDA,BA,05.942.307/0001-25
RETINA HOSPITAL DE OLHOS   BA,RETINA OFTALMOLOGISTAS ASSOCIADOS LTDA,BA,02.758.674/0001-85
CLOCI DAY   BA,CLÍNICA DE OFTALMOLOGIA E CIRURGIA DRA. EDELZUITA,BA,03.705.091/0001-59
OFTALMOCLIN   BA,OFTALMOCLIN CLÍNICA OFTALMOLOGICA LTDA,BA,14.307.763/0001-94
CLIVAN   BA,CLIVAN INSTITUTO DE OFTALMOLOGIA LTDA,BA,86.947.462/0001-36
ALCLIN   BA,HOSPITAL DE OLHOS ANDRÉ LAVIGNE LTDA,BA,33.921.495/0001-40
INSTITUTO DE OLHOS ITAIGARA   BA,INSTITUTO DE OLHOS ITAIGARA LTDA,BA,13.301.163/0001-56
OFTALMOCENTRO   BA,OFTALMOCENTRO CLÍNICA DE OLHOS LTDA,BA,34.437.012/0001-08
SOS OFTALMO   BA,SOS OFTALMO SER. MÉDICOS ESPECIALIZADOS S/S LTDA,BA,13.660.097/0001-00
CLISUR   BA,CLISUR CLÍNICA SUBURBANA E DE URGÊNCIA LTDA,BA,13.534.359/0001-90
MEDICO CENTER ILHEUS   BA,CENTRO MÉDICO DE ILHÉUS LTDA,BA,40.740.466/0001-48
AFAC ULTRA SONOGRAFIA   BA,AFAC EMPREENDIMENTOS MÉDICOS LTDA,BA,33.967.142/0001-81
IRBA   BA,IRBA - INSTITUTO DE RÁDIODIAGNÓSTICO DA BAHIA,BA,15.173.727/0001-48
IB   INSTITUTO BALTHAZAR   BA,CLINICA ÂNGELO BALTHAZAR E HOSPITAL DIA LTDA,BA,14.797.880/0001-83
HOSPITAL PORTUGUÊS - BA,SOCIEDADE PORTUGUESA DE BENEFICIENCIA,BA,15.166.416/0001-51
HOSPITAL SAO RAFAEL   BA,MONTE TABOR CENTRO ITALO BRASILEIRO DE PROM SANITA,BA,13.926.639/0001-44
ID   BALTHAZAR DAY HOSPITAL   BA,BALTHAZAR DAY HOSPITAL LTDA,BA,05.689.640/0001-74
HOSPITAL DE OLHOS BEIRA RIO   BA,HOSPITAL DE OLHOS BEIRA RIO LTDA,BA,96.792.254/0001-69
HOSPITAL SÃO MATHEUS   BA - OLD,HOSPITAL E CLÍNICA SÃO MATHEUS LTDA - OLD,BA,13.969.621/0001-2x
HOSPITAL MEMORIAL ARCOVERDE   PE,HOSPITAL MEMORIAL ARCOVERDE LTDA,PE,70.237.227/0001-30
HOSPITAL SÃO JOSÉ DOS LÍRIOS   RJ,NANCI CIA LTDA,RJ,31.666.548/0001-07
SINTESE   COMPRAS ON LINE   PE,SINTESE - LICENCIAMENTO DE PROGRAMA PARA COMPRAS,PE,16.783.034/0001-30
HOSPITAL UNIMED RIO   RJ,UNIMED - RIO EMPREENDIMENTOS MÉDICOS E HOSPITALARE,RJ,09.219.138/0005-84
NEUROCARDIO,CENTRO DE NEUROLOGIA E CARDIOLOGIA DO SÃO FRANCISC,PE,11.473.378/0001-29
FMSA - UPA NOVA DESCOBERTA (CASA AMARELA)  PE,FUNDAÇÃO MANOEL DA SILVA ALMEIDA ,PE,34.055.118/0001-39
SAÚDE RESIDÊNCIA,MUNIZ E MUNIZ SERVIÇOS HOSPITALARES LTDA,PE,07.880.207/0001-47
SCMR - HOSPITAL SANTO AMARO   PE,SANTA CASA DE MISERICÓRDIA DO RECIFE,PE,10.869.782/0004-04
GRUPO ONCOCLÍNICAS   NACIONAL,ONCOCENTRO ONCOLOGIA CLÍNICA E MEDICINA INTERNA DE,MG,25.455.510/0001-84
SCMR - UPA TORRÕES  PE,SANTA CASA DE MISERICORDIO DO RECIFE,PE,10.869.782/0012-06
SCMR - HOSPITAL REGIONAL FERNANDO BEZERRA  PE,SANTA CASA DE MISERICÓRDIA DO RECIFE,PE,10.869.782/0009-00
CPO   EUROPA,CENTRO PAULISTA DE ONCOLOGIA S.A.,SP,52.164.662/0001-09
CPO   APUCARANA,CENTRO PAULISTA DE ONCOLOGIA S.A.,SP,52.164.662/0003-62
CPO   HIGIENÓPOLIS,CENTRO PAULISTA DE ONCOLOGIA LTDA,SP,52.164.662/0002-81
CLISF,CLISF CLINICA MEDICA SAGRADA FAMILIA LTDA,BA,16.290.496/0001-15
IMIP - HOSPITAL DOM HÉLDER   PE,HOSPITAL DOM HÉLDER,PE,09.039.744/0008-60
IMIP - HOSPITAL PELÓPIDAS SILVEIRA  PE,HOSPITAL PELÓPIDAS SILVEIRA,PE,10.988.301/0006-33
IMIP - HOSPITAL DOM MALAN  PE,FUNDAÇÃO PROFESSOR MARTINIANO FERNANDES - IMIP HOS,PE,09.039.744/0007-80
CLIMEDI   SE,CLIMEDI - CLÍNICA DE MEDICINA NUCLEAR ENDOCRINOLOG,SE,13.158.985/0001-20
TOPIMAGEM DIAGNÓSTICO POR IMAGEM LTDA,TOPIMAGEM DIAGNÓSTICO POR IMAGEM LTDA,PE,41.090.192/0002-32
FUABC - HOSPITAL ANCHIENTA  SP,FUNDAÇÃO DO ABC - CHSBC,SP,11.111.111/1111-00
FUABC - HOSPITAL MUNICIPAL UNIVERSITÁRIO   SP,FUNDAÇÃO DO ABC - CHSBC,SP,00.000.000/0000-11
FUABC - HOSPITAL E PRONTO SOCORRO CENTRAL   SP,FUNDAÇÃO DO ABC - CHSBC,SP,22.222.222/2222-00
FUABC - HOSPITAL DE CLÍNICAS   SP,FUNDAÇÃO DO ABC - CHSBC,SP,00.000.000/0000-22
IMIP - UPAE GARANHUNS  PE,FUNDAÇÃO PROFESSOR MARTINIANO FERNANDES - IMIP,PE,09.039.744/0014-09
IMIP - HOSPITAL ESTADUAL DA CRIANÇA  BA,FUNDAÇÃO PROFESSOR MARTINIANO FERNANDES - IMIP,BA,09.039.744/0013-28
IMIP - UPAE PETROLINA  PE,INSTITUTO DE MEDICINA INTEGRAL PROFESSOR FERNANDO,PE,10.988.301/0007-14
HOSPITAL DE CÂNCER DE PERNAMBUCO,SOCIEDADE PERNAMBUCANA DE COMBATE AO CÂNCER,PE,10.894.988/0001-33
FUABC -  HEFM - HOSP. EST. FRANCISCO MORATO  SP,FUNDAÇÃO DO ABC - ORGANIZACAO SOCIAL DE SAUDE,SP,57.571.275/0020-65
CIAC,CAVALCANTI  E  CAVALCANTI ANALISES CLINICAS LTDA,PE,22.235.187/0001-45
SOSERVI,SOSERVI - SOCIEDADE DE SERVICOS GERAIS LTDA,PE,09.863.853/0001-21
FUABC - UPA SÃO JOÃO  SP,FUNDAÇÃO DO ABC,SP,57.571.275/0004-XX
LABORATÓRIO SÃO PAULO,PATOLOGIA CLINICA SAO PAULO LTDA,MG,16.637.191/0001-37
CENTRO MEDICO ONCOSUL,CENTRO MÉDICO HOSPITALAR ONCOLOGICO LTDA,BA,34.440.073/0001-16
SBIB* HOSPITAL ALBERT EINSTEIN - MORUMBI,SOCIEDADE BENEF ISRAELITABRAS HOSPITAL ALBERT EINSTEIN,SP,60.765.823/0001-30
SBIB HOSPITAL ALBERT EINSTEIN - MORATO,SOCIEDADE BENEF ISRAELITABRAS HOSPITAL ALBERT EINSTEIN,SP,60.765.823/0004-82
SBIB HOSPITAL ALBERT EINSTEIN - ALPHAVILLE INDL,SOCIEDADE BENEF ISRAELITABRAS HOSPITAL ALBERT EINSTEIN,SP,60.765.823/0005-63
SBIB HOSPITAL ALBERT EINSTEIN - JARDINS,SOCIEDADE BENEF ISRAELITABRAS HOSPITAL ALBERT EINSTEIN,SP,60.765.823/0006-44
SBIB HOSPITAL ALBERT EINSTEIN - VILA MARIANA,SOCIEDADE BENEF ISRAELITABRAS HOSPITAL ALBERT EINSTEIN,SP,60.765.823/0008-06
SBIB HOSPITAL ALBERT EINSTEIN - IBIRAPUERA ,SOCIEDADE BENEF ISRAELITABRAS HOSPITAL ALBERT EINSTEIN,SP,60.765.823/0009-97
SBIB HOSPITAL ALBERT EINSTEIN - PERDIZES,SOCIEDADE BENEF ISRAELITABRAS HOSPITAL ALBERT EINSTEIN,SP,60.765.823/0012-92
SBIB HOSPITAL ALBERT EINSTEIN - PQ.DO LAGO,SOCIEDADE BENEF ISRAELITABRAS HOSPITAL ALBERT EINSTEIN,SP,60.765.823/0014-54
SBIB HOSPITAL ALBERT EINSTEIN - VL.CLEMENTINO (AACD),SOCIEDADE BENEF ISRAELITABRAS HOSPITAL ALBERT EINSTEIN,SP,60.765.823/0015-35
SBIB HOSPITAL ALBERT EINSTEIN - JD AMERICA,SOCIEDADE BENEF ISRAELITABRAS HOSPITAL ALBERT EINSTEIN,SP,60.765.823/0016-16
SBIB HOSPITAL ALBERT EINSTEIN - MORUMBI  (SHOP.CIDADE JARDIM),SOCIEDADE BENEF ISRAELITABRAS HOSPITAL ALBERT EINSTEIN,SP,60.765.823/0017-05
SBIB HOSPITAL ALBERT EINSTEIN - JD.PAULISTA,SOCIEDADE BENEF ISRAELITABRAS HOSPITAL ALBERT EINSTEIN,SP,60.765.823/0018-88
SBIB HOSPITAL ALBERT EINSTEIN - PARAISOPOLIS,SOCIEDADE BENEF ISRAELITABRAS HOSPITAL ALBERT EINSTEIN,SP,60.765.823/0019-69
SBIB HOSPITAL ALBERT EINSTEIN - CAMPOLIM,SOCIEDADE BENEF ISRAELITABRAS HOSPITAL ALBERT EINSTEIN,SP,60.765.823/0020-00
SBIB HOSPITAL ALBERT EINSTEIN - IPIRANGA,SOCIEDADE BENEF ISRAELITABRAS HOSPITAL ALBERT EINSTEIN,SP,60.765.823/0021-83
SBIB HOSPITAL ALBERT EINSTEIN - CRECHE I (MORUMBI),SOCIEDADE BENEF ISRAELITABRAS HOSPITAL ALBERT EINSTEIN,SP,60.765.823/0024-26
SBIB HOSPITAL ALBERT EINSTEIN - CRECHE II (VILA PROGREDIOR),SOCIEDADE BENEF ISRAELITABRAS HOSPITAL ALBERT EINSTEIN,SP,60.765.823/0025-07
SBIB HOSPITAL ALBERT EINSTEIN - JARDIM LEONOR (MORUMBI),SOCIEDADE BENEF ISRAELITABRAS HOSPITAL ALBERT EINSTEIN,SP,60.765.823/0026-98
SBIB HOSPITAL ALBERT EINSTEIN - VILA MASCOTE,SOCIEDADE BENEF ISRAELITABRAS HOSPITAL ALBERT EINSTEIN,SP,60.765.823/0027-79
SBIB HOSPITAL ALBERT EINSTEIN - CENTRO (RIO DE JANEIRO),SOCIEDADE BENEF ISRAELITABRAS HOSPITAL ALBERT EINSTEIN,RJ,60.765.823/0028-50
SBIB HOSPITAL ALBERT EINSTEIN - PARQUE MONTE LÍBANO,SOCIEDADE BENEF ISRAELITABRAS HOSPITAL ALBERT EINSTEIN,SP,60.765.823/0029-30
SBIB HOSPITAL ALBERT EINSTEIN - CID.INDUSTRIAL,SOCIEDADE BENEF ISRAELITABRAS HOSPITAL ALBERT EINSTEIN,PR,60.765.823/0022-64
SBIB HOSPITAL ALBERT EINSTEIN - PINHEIROS,SOCIEDADE BENEF ISRAELITABRAS HOSPITAL ALBERT EINSTEIN,SP,60.765.823/0023-45
HOSPITAL PORTUGUES - UNIDADE MUNICIPAL DE C. DO COITE,REAL SOCIEDADE PORTUGUESA DE BENEF 16 DE SETEMBRO,BA,15.166.416/0010-42
HOSPITAL PORTUGUES / UNID MUNICIPAL ANTONIO C MAGALHAES,REAL SOCIEDADE PORTUGUESA DE BENEF 16 DE SETEMBRO,BA,15.166.416/0012-04
HOSPITAL PORTUGUES UNIDADE REGIONAL DE C DO COITE,REAL SOCIEDADE PORTUGUESA DE BENEF 16 DE SETEMBRO,BA,15.166.416/0009-09
HOSPITAL PORTUGUES / H. PADRE PAULO FELBER,REAL SOCIEDADE PORTUGUESA DE BENEF 16 DE SETEMBRO,BA,15.166.416/0008-28
HOSPITAL PORTUGUES / UNID MUNIC ANTONIO T. SOBRINHO,REAL SOCIEDADE PORTUGUESA DE BENEF 16 DE SETEMBRO,BA,15.166.416/0011­23
OFTALMOCENTER - PE,HOSPITAL DE MICROCIRURGIA OCULAR DO RECIFE LTDA,PE,04.344.682/0001-00
HOSPITAL CLIOM - AL,CLINICA DE ONCOLOGIA DE MACEIO LTDA,AL,05.612.725/0001-54
HOME CARE CENTER LTDA - GO,HOME CARE CENTER LTDA - ME,GO,10.608.631/0001-41
BASE PF,EMPRESA CONVÊNIO,DF,03.112.386/0001-11
ASSISTI ATENCAO DOMICILIAR - SE,ASSISTI CUIDADO DOMICILIAR LTDA - ME,SE,27.539.739/0001-22
BASE PMC,EMPRESA CONVÊNIO,DF,03.112.386/0001-11
HOSPITAL NAPOLEAO LAUREANO MANTIDO PELA FUND LAUREANO - PB,FUNDACAO NAPOLEAO LAUREANO,PB,09.112.236/0001-94
HOSPITAL PALMAS MEDICAL ­ HPM - TO,HOSPITAL PALMAS MEDICAL LTDA,TO,12.955.953/0001-92
SANTA CASA DE MISERICORDIA ­UNID. PRONTO ATEND. SMC - AL,SANTA CASA DE MISERICORDIA DE SAO MIGUEL DOS CAMPOS,AL,12.737.680/0004­52
HOSPITAL DE AVILA - PE,HOSPITAL DE AVILA LTDA,PE,35.716.166/0001-93
OLD - HOSPITAL MUNICIPAL DE SALVADOR - BA,SANTA CASA DE MISERICORDIA DA BAHIA,BA,00.000.000/0027-05
EDITORA SANAR - BA,EDITORA SANAR S.A.,BA,18.990.682/0001-92
AESC - ASSOCIACAO EDUCADORA SAO CARLOS - RS (MATRIZ),ASSOCIACAO EDUCADORA SAO CARLOS - AESC,RS,88.625.686/0037-XX
MÃE DE DEUS - HOSPITAL MÃE DE DEUS - RS,ASSOCIACAO EDUCADORA SAO CARLOS - AESC,RS,88.625.686/0024-43
LIGUE AGUA,L.F.AMORIM,PE,01.995.254/0001-50
CEO - CENTRO ESPECIALIZADO EM OFTALMOLOGIA,JMG OFTALMOLOGISTAS ASSOCIADOS LTDA,PE,07.022.720/0001-05
UNINFECTO SERVICOS MEDICOS LTDA,UNINFECTO SERVICOS MEDICOS LTDA,PE,10.228.298/0001-45
UNIMED RECIFE,UNIMED RECIFE COOPERATIVA DE TRABALHO MEDICO,PE,11.214.624/0001-28
BRASCON GESTAO AMBIENTAL LTDA,BRASCON GESTAO AMBIENTAL LTDA,PE,11.863.530/0001-80
GOMES & BASTOS SERVICOS MEDICOS LTDA,GOMES & BASTOS SERVICOS MEDICOS LTDA,PE,13.009.054/0001-60
SAGA - CONSULTORIA E ASSESSORIA CONTABIL LTDA,SAGA - CONSULTORIA E ASSESSORIA CONTABIL LTDA,PE,13.279.581/0001-94
MULTVISION,ALONETEC IMPORTACAO E SERVICOS DE EQUIPAMENTOS DE INFORMATICA LTDA,PE,13.490.233/0001-61
CARDIO - IMEDI,CENTRO CARDIOLOGICO DO IDOSO LTDA,PE,15.317.166/0001-03
VITA ELEVADORES,G M DANTAS ELEVACAO E GERACAO,PE,21.854.632/0001-92
JOSE DE CARVALHO PIRES,JOSE DE CARVALHO PIRES,PE,22.455.229/0001-53
JR JARDINEIRO,JOSE RIBAMAR FEITOSA DE ASSIS BARBOSA 01185758488,PE,27.036.264/0001-51
CLINICA DE OTORRINOLARINGOLOGIA DE CARUARU,MACARIO EMPREENDIMENTO EM SAUDE LTDA,PE,30.330.905/0001-90
PRISMA TELECOMUNICACOES LTDA,PRISMA TELECOMUNICACOES LTDA,PE,41.096.520/0001-27
SANTA CASA DE CARIDADE DE URUGUAIANA,SANTA CASA DE CARIDADE DE URUGUAIANA,RS,98.416.225/0001-28
HOSPITAL DE CAMPO BOM DR LAURO REUS,ASSOCIAÇÃO BENEFICENTE SÃO MIGUEL - ABSM,RS,10.485.331/0004-65
SANTA MARCELINA - HOSPITAL SANTA MARCELINA DO ABC PAULISTA-NOVA NEOMATER,CASA DE SAUDE SANTA MARCELINA,SP,60.742.616/0020-22
TECLASER - INSTITUTO DE OLHOS VALE DO SAO FRANCISCO LTDA,INSTITUTO DE OLHOS VALE DO SAO FRANCISCO LTDA,PE,01.929.606/0001-79
ASSOCIACAO DE CARIDADE SANTA CASA DE RIO GRANDE,ASSOCIACAO DE CARIDADE SANTA CASA DE RIO GRANDE,RS,94.862.265/0001-42
INTS - HUGO - Hospital de Urgências de Goiânia,INTS -INST. NAC. DE AMPARO A PESQUISA. TEC. E INOVACAO NA GESTAO,GO,11.344.038/0015-01
SANTA MARCELINA - (APS) REDE HORA CERTA - SP,CASA DE SAUDE SANTA MARCELINA,SP,60.742.616/0012-xx
INSTITUTO DA VISAO - MS,INSTITUTO DA VISAO DE MS LTDA,MS,01.976.296/0001-43
HOSPITAL BAMBINO - BA,UNIDADE PEDIATRICA DE FEIRA DE SANTANA LTDA,BA,10.651.431/0001-71
HOSPITAL ORTOPEDICO - BA,HOSPITAL ORTOPEDICO LTDA,BA,03.611.193/0001-05
CEJAM - HOSPITAL ESTADUAL FRANCISCO MORATO - SP,CEJAM – CENTRO DE ESTUDOS E PESQUISAS DR. JOÃO AMORIM,SP,66.518.267/0022-08
AD2S CONSULTORIA EM SAÚDE  - PA,A.R DE SOUSA SERVIÇOS LTDA - ME,PA,28.011.672/0001-XX
AD2S CONSULTORIA EM SAÚDE - PA,A.R DE SOUSA SERVICOS LTDA,PA,28.011.672/0001-11
GRUPO MEDDI - MULTIMAGEM JUAZEIRO - BA,CENTRO DE DIAGNOSTICO POR IMAGEM DE JUAZEIRO LTDA,BA,10.776.008/0001-06
SECRETARIA DE SAÚDE - MT,PREFEITURA DE RONDONÓPOLIS,MT,03.347.101/0001-21
HOSPITAL DR. FERREIRA LIMA   PE,INSTITUTO JOÃO FERREIRA LIMA,PE,11.812.443/0001-01
HOSPITAL DO VALE - PE,INSTITUTO VALE DO CAPIBARIBE DE INOVACOES EM EDUCACAO E SAUDE,PE,19.289.494/0001-02
HOSPITAL DO CORACAO DE ALAGOAS - AL,CARDIODINAMICA LTDA,AL,01.454.407/0001-51
L C SERVICOS MEDICOS,L C SERVICOS MEDICOS LTDA,PE,16.907.691/0001-41
HCC - HOSPITAL DE CLÍNICA DE CONQUISTA - BA,CLÍNICA MÉDICO CIRÚRGICA DE CONQUISTA LTDA,BA,13.340.625/0001-44
HOSPITAL DE OLHOS DO TOCANTINS LTDA,HOSPITAL DE OLHOS DO TOCANTINS,TO,10.882.446/0001-40
IMAG - PE,IMAG DIAGNÓSTICO POR IMAGEM LTDA,PE,26.039.265/0001-97
INSTITUTO OLHOS MARCO REY - RN (TECLASER),CLÍNICA DE OLHOS MARCO REY LTDA,RN,17.004.239/0001-32
LASER VIEW - PR (TECLASER),LASERVIEW NÚCLEO DE CIRURGIA REFRATIVA,PR,07.134.472/0001-86
NEO OFTALMO - MG (TECLASER),NEO NUCLEO DE EXCELÊNCIA EM OFTALMOLOGIA LTDA,MG,09.558.069/0001-00
MEDICAL CENTER - MS,LABURU & MACAES SERVICOS DE SAUDE LTDA,MS,27.080.759/0001-88
VENTURA INFORMATICA - ES,WESLEY DE OLIVEIRA BARROS ME,ES,05.954.058/0001-98
OFTALMOCLINICA ICARAI LTDA,OFTALMOCLINICA ICARAI LTDA,RJ,68.564.822/0001-39
SANTA CASA DE BARIRI - SP( VITALE SAÚDE ),IRMANDADE DA SANTA CASA DE MISERICORDIA DE BARIRI,SP,44.690.238/0001-61
SOS MAO RECIFE   PE,SOS MAO RECIFE LTDA.,PE,01.291.959/0001-96
UPAE LIMOEIRO - PE,ASSOC DE PROT A MATERNIDADE E A INFANCIA DE SURUBIM,PE,11.754.025/0003-69
INFUSION - CE,CENTRO DE REUMATOLOGIA E ONCO HEMATOLOGIA DO CARIRI LTDA,CE,19.439.078/0001-35
UNICOM   UNIMED LAURO DE FREITAS   BA,UNICOM-COOP. DE CONS. EMP. E USU. DO SIST. UNIMED,BA,03.265.441/0002-94
INSTITUTO DE OLHOS DE FEIRA DE SANTANA   BA,INSTITUTO DE OLHOS DE FEIRA DE SANTANA LTDA - EPP,BA,04.266.590/0001-50
HOSPITAL SANTA JOANA   PE,HOSPITAIS ASSOCIADOS DE PERNAMBUCO,PE,10.839.561/0001-32
VR ENGENHARIA,ADRIANO RODRIGUES DA SILVA REFRIGERACAO,PE,29.615.779/0001-31
HOSPITAL SANTO ANTONIO MARIA ZACARIA - PA,HOSPITAL SANTO ANTONIO MARIA ZACARIA,PA,05.320.403/0001-31
HOSPITAL DAS BEM-AVENTURANÇAS - PA,OBRAS SOCIAIS DA DIOCESE DE BRAGANCA,PA,05.321.575/0021-73
DNA NATURAL - AL,RM COMERCIO DE ALIMENTOS NATURAIS E BEBIDAS,AL,21.602.002/0001-20
RESTAURANTE CUCINA DE CARLI- PE,DE CARLI ALIMENTOS LTDA - EPP,PE,05.728.335/0001-44
UNINEFRON BOA VIAGEM,UNINEFRON UNIDADE NEFROLÓGICA LTDA,PE,01.591.093/0004-81
HOSPITAL EVANGELICO DE VILA VELHA - ES,ASSOCIACAO EVANGELICA BENEFICENTE ESPIRITO SANTENSE,ES,28.127.926/0001-61
RESTAURANTE ALECRIM VERDE,PASSOS TENORIO ALIMENTOS LTDA - ME,AL,02.236.568/0001-31
REDE SANTA LÚCIA - HOSPITAL SANTA LUCIA - DF,HOSPITAL SANTA LUCIA S/A,DF,00.025.841/0001-53
REDE SANTA LÚCIA - REDE DE HOSPITAIS SANTA LÚCIA - DF,REDE DE HOSPITAIS SANTA LÚCIA,DF,00.000.000/0000-53
REDE SANTA LÚCIA - HOSPITAL MARIA AUXILIADORA - DF,HOSPITAL MARIA AUXILIADORA S/A,DF,38.000.485/0001-96
REDE SANTA LÚCIA - PRONTONORTE - DF,HOSPITAL PRONTONORTE S/A,DF,00.511.816/0001-80
PROJETA CURSOS TATUAPÉ - SP,A.M.A.H. CURSOS PROFISSIONALIZANTES LTDA,SP,12.253.108/0002-56
PROJETA CURSOS - SP,A.M.A.H. CURSOS PROFISSIONALIZANTES LTDA,SP,12.253.108/0002-56
PROJETA CURSOS GUARULHOS,A.M.A.H. CURSOS PROFISSIONALIZANTES LTDA,SP,12.253.108/0001-75
MEDICINA PREVENTIVA   (CAXIAS) RS,UNIMED NE RS SOCIEDADE COOP DE SER MEDICOS,RS,87.827.689/0025-88
IOFV - PE (TECLASER),IOFV INSTITUTO DE OLHOS FERNANDO VENTURA,PE,21.145.158/0001-20
CEVIPE - PE (TECLASER),CEVIPE CENTRO DA VISÃO DE PERNAMBUCO,PE,13.436.962/0001-30
FUNDO MUNICUPAL DE SAÚDE - BA,FUNDO MUNICPAL DE SAÚDE,BA,11.144.137/0001-36
ABCR SERVICO DE DIAGNOSTICO POR ENDOSCOPIA LTDA,ABCR SERVICO DE DIAGNOSTICO POR ENDOSCOPIA LTDA,PE,31.861.661/0001-35
SANTA CASA DE MISERICORDIA DE FRANCISCO MORATO - SP,LAR ASSISTENCIAL SÃO BENEDITO,SP,51.455.806/0001-05
HEALTH STRATEGIES - COMPRADOR,ANA LETICIA MELITO - ME,SP,06.037.132/0001-74
CTRENAL PE,CENTRO DE TRATAMENTO RENAL ZONA SUL LTDA,PE,03.648.189/0001-11
HOSPITAL SÃO SALVADOR   PE,CARDIOPLUS CONS. E ASSES EM MEDICINA CLINICA LTDA.,PE,69.943.389/0001-05
HOSPITAL PORTO DIAS - PA,HOSPITAL PORTO DIAS LTDA,PA,84.154.608/0001-60
MEMORIAL DIAGNÓSTICO - PB,CENTRO DIAGNÓSTICO MARIE CURIE LTDA,PB,08.360.618/0001-74
HOSPITAL SÃO VICENTE - PE_old,CASA DE SAÚDE E MATERNIDADE SÃO VICENTE,PE,XX.280.543/0001-XX
ALPHA PLAST INDÚSTRIA E COMÉRCIO LTDA   PE,ALPHA PLAST INDÚSTRIA E COMÉRCIO LTDA.,PE,03.357.873/0001-44
NEFROAGRESTE,CLINICA NEFROAGRESTE LTDA,PE,27.816.524/0001-01
A.M.A.H. VET - SP,A.M.A.H. VET CLINICA VETERINARIA LTDA - ME,SP,28.723.091/0001-02
PRONEP   SÃO PAULO,PRONEP SERVIÇOS ESPECIALIZADOS HOSP E DOMICILIARES,SP,02.837.922/0001-83
ONKOS - PE,ONKOS-CLINICA DE ONCOLOGIA LTDA  ,PE,04.603.807/0001-70
FUABC - FUNDACAO DO ABC   SP,FUNDACAO DO ABC - FUABC,SP,57.571.275/0001-00
INTERNE HOME CARE   PE,INTERNE HOME CARE LTDA,PE,01.909.745/0001-30
DROGARIA POPULAR,ANA PAULA CAVALCANTE DO NASCIMENTO FREIRE ME,RN,07.061.258/0001-47
IBOPC - HOSPITAL HUMBERTO CASTRO LIMA - BA,INSTITUTO BRASILEIRO DE OFTALMOLOGIA E PREVENÇÃO DA CEGUEIRA,BA,15.200.967/0001-94
LABORATÓRIO BENEFICENTE DE BELÉM - PA,LAB. PATOLOGIA CLINICA HELIO OLIVEIRA E DANILO MENDONÇA,PA,04.103.305/0001-80
UPA DR. MATHEUS SANTA MARIA - SP,ORGANIZAÇÃO SOCIAL PRO VIDA,SP,10.995.737/0001-45
TODO SER - PNEUMOLOGIA - PE,TODO SER - PNEUMOLOGIA E QUALIDADE DE VIDA LTDA,PE,01.678.897/0001-73
FERREIRA COSTA   PE,FERREIRA COSTA  E  CIA LTDA,PE,10.230.480/0019-60
NUCLEO DE ONCOLOGIA DA BAHIA   BA,NUCLEO DE ONCOLOGIA DA BAHIA LTDA,BA,41.980.319/0001-08
MULTIMAGEM   PE,CENTRO DIAGNÓSTICO MULTIMAGEM LTDA,PE,41.043.092/0001-74
DIAGNOSON   BA,DIAGNOSON ULTRA-SONOGRAFIA E DENSITOM. ÓSSEA LTDA,BA,40.554.990/0001-24
SCMSP - HOSPITAL DOM PEDRO II - SP,IRMANDADE DA SANTA CASA DE MISERICORDIA DE SAO PAULO,SP,62.779.145/0004-32
JB DISTRIBUIDORA - RJ,JB DISTRIBUIDORA,RJ,30.334.737/0001-01
CLINICA VISAO,AMYMED SAUDE LTDA,PE,24.939.864/0001/31
APAMI   VITÓRIA DE SANTO ANTÃO   PE,ASSOC. PROT. A MATER. E INF. VITORIA DE STO ANTÃO,PE,11.683.174/0001-12
AQUA PAQUE - ASSESSORIA TECNICA,PAULO WAGNER SAMPAIO DA SILVA,PE,12.332.754/0001-28
SANTOS SILVA ANALISES CLINICA LTDA,SANTOS SILVA ANALISES CLINICA LTDA,PE,07.733.225/0001-04
FARMÁCIA SENNAFARMA - RN,SENNAFARMA DROGARIA LTDA-ME,RN,12.695.201/0001-30
ULTRASSON S/S MACEIO (HAPVIDA) - AL,ULTRASSON S/S MACEIO - HOSPITAL DE MACEIO,AL,12.361.267/0008-60
UNIDADE DE MOSSORÓ (HAPVIDA) - RN,UNIDADE DE ATENÇÃO HOSPITALAR LTDA,RN,15.760.124/0004-95
HOSPITAL ANTONIO PRUDENTE DE NATAL (HAPVIDA) - RN,HOSPITAL ANTONIO PRUDENTE DE NATAL,RN,08.452.435/0001-89
CENTRO HOSPITALAR DE TERESINA (HAPVIDA) - PI,CENTRO HOSPITALAR DE ATENÇÃO A SAUDE,PI,15.760.195/0003-07
ATENDIMED - SERVIÇOS MEDICOS LTDA - HAL (HAPVIDA) - CE,ATENDIMED - SERVIÇOS MEDICOS LTDA - HAL,CE,05.977.161/0004-04
CLINICA DE JOÃO PESSOA (HAPVIDA) - PB,CLIENICA ORTOPEDICA E TRAUMA DE JOÃO PESSOA,PB,09.114.695/0001-07
ULTRASSON ARACAJU (HAPVIDA) - SE,ULTRASSON S/ ARACAJU - HOSPITAL GABRIEL SOARES,SE,12.361.267/0005-17
ULTRASSON SÃO LUIZ (HAPVIDA) - MA,ULTRASSOM S/S SERVIÇOS MEDICOS - HOSPITAL GUARAS,MA,12.361.267/0007-89
HOSPITAL ANTONIO PRUDENTE DA BAHIA (HAPVIDA) - BA,HOSPITAL ANTONIO PRUDENTE DA BAHIA,BA,04.225.018/0001-42
OPS - RECIFE (HAPVIDA) - PE,OPS SERVIÇOS MEDICOS E HOSPITALARES,PE,08.612.914/0001-15
ULTRASSOM - BELEM (HAPVIDA) - PA,ULTRASSOM S/S BELEM - HOSPITAL LAYR MAIA,PA,12.361.267/0002-74
ULTRA SOM SERVIÇOS MÉDICOS - HAPVIDA - PE,ULTRA SOM SERVIÇOS MÉDICOS LTDA,PE,12.361.267/0072-87
BRAZILH2 COMERCIO E MARKETING - SP,BRAZILH2 COMERCIO E MARKETING LTDA - ME,SP,25.180.838/0001-35
SECRETARIA MUNICIPAL DE SAÚDE DE SÃO GABRIEL DA CACHOEIRA - AM - AM,FUNDO MUNICIPAL DE SAÚDE,AM,01.279.779/0001-18
SECRETARIA MUNICIPAL DE SAÚDE DE SÃO GABRIEL DA CACHOEIRA - AM - AM,FUNDO MUNICIPAL DE SAÚDE,AM,12.797.479/0001-18
HOSP OLHOS NORTE DE MINAS - MG (TECLASER),HOSPITAL DE OLHOS DO NORTE DE MINAS LTDA,MG,03.922.901/0001-29
UNITY ESPECIALIDADES MEDICAS,LIPOMED CLINICA MEDICA LTDA,SP,09.214.748/0001-61
OFTALMO CENTER RIBEIRAO PRETO LTDA,OFTALMO CENTER RIBEIRAO PRETO LTDA,SP,01.072.471/0001-78
VISTALASER - SP (TECLASER),VISTALASER OFTALMOLOGIA,SP,14.700.540/0001-92
VIVA OFTALMOLOGIA - DF (TECLASER),VIVA OFTALMO MEDICINA ESPECIALIZADA S/S LTDA,DF,22.041.509/0001-15
TS GRUPOS GERADORES,A T DA SILVA MANUTENCAO,PE,20.153.710/0001-69
UNIMED CENTRO OESTE LABORATÓRIO - MG,UNIMED PARÁ DE MINAS COOPERATIVA DE TRABALHO MÉDICO LTDA,MG,42.940.528/0003-52
BOX IMPORT - AC,FABIANA DO NASCIMENTO FERREIRA ME,AC,20.171.186/0001-59
MARIA JULIANA CARABIA - GO,brasil boliche tecnologia eireli,GO,09.194.392/0001-60
CACIM - RN,CENTRO DE ANALISES CLIN E IMUNOL DE MOSSORO S/C LTDA,RN,12.755.732/0001-70
AESC - HOSPITAL NOSSA SENHORA DOS NAVEGANTES - RS,ASSOCIAÇÃO EDUCADORA SÃO CARLOS,RS,88.625.686/0035-04
FUABC - INST. MUN. DE ASSIST. À SAÚDE DO FUNCIONALISMO - IMASF  SP,FUNDAÇÃO DO ABC - FUABC,SP,57.571.275/0001-00
CARE ONCOLOGIA - SP,ORANGE ONCOLOGIA LTDA,SP,01.186.440/0001-45
CLIVALE CALÇADA - BA,CLINICA ALBERTO SERRAVALLE LTDA,BA,15.200.249/0001-18
HOSPITAL DO GUARUJÁ - SP,IBEMI - INSTITUTO BENEFICENTE DE MEDICINA INTEGRADA,SP,23.179.954/0001-09
IMIP - HOSPITAL REGIONAL DE JUAZEIRO   BA,INST. DE MEDICINA INTEGR. PROF. FERNANDO FIGUEIRA,BA,10.988.301/0005-52
FMSA - HOSPITAL REGIONAL DE PALMARES   PE,FUNDAÇÃO MANOEL DA SILVA ALMEIDA,PE,09.767.633/0004-47
NOVA MODELO  - RJ,HOSPITAL NOVA MODELO LTDA,RJ,08.036.062/0001-65
UNIMED CAMPINAS - HUC,UNIMED CAMPINAS COOPERATIVA DE TRABALHO MEDICO,SP,46.124.624/0026-70
IBOL - RJ (TECLASER),IBOL INSTITUTO BRASILEIRO DE OFTALMOLOGIA,RJ,34.106.518/0001-26
CENTRO ESPECIALIZADO EM OFTALMOLOGIA - RO,CEOF - CENTRO ESPECIALIZADO EM OFTALMOLOGIA S/S LTDA,RO,03.119.645/0001-36
CLINICA DE HEMODIALISE DE IRECÊ - BA,CLINICA DE HEMODIALISE DE IRECE LTDA ,BA,14.022.332/0001-81
HOSPITAL MATER DEI - MG,HOSPITAL MATER DEI SA,MG,16.676.520/0001-59
OFTALMODIAGNOSE   BA,CLÍNICA DE OFTALMODIAGNÓSTICO LTDA,BA,00.081.876/0001-00
T  E  A CONSTRUÇÃO PRÉ FABRICADA S/A   PE,T  E  A CONSTRUÇÃO PRÉ FABRICADA S/A,PE,01.301.612/0004-20
SERVIÇOS DE HEMOTERAPIA - SP,SERVIÇOS DE HEMOTERAPIA DE SÃO JOSÉ DO RIO PRETO LTDA,SP,49.987.944/0001-93
SCMBA - HOSPITAL MUNICIPAL DE SALVADOR - BA,SANTA CASA DE MISERICORDIA DA BAHIA,BA,15.153.745/0027-05
UNIMED RIO   RJ BARRA DA TIJUCA   SEDE   RJ,UNIMED-RIO EMPREEMDIMENTOS MEDICOS E HOSPITALARES,RJ,09.219.138/0001-50
INST PANAMERICANO DA VISÃO - GO,LASER ASSOCIADOS DIAGNOSTICOS MEDICOS LTDA,GO,00.819.694/0001-93
CDTO - BA,CDTO CLINICA DE DIAGNOSE TRATAM OFTALMOLOGICO LTDA - EPP,BA,00.793.490/0001-20
CLINICA SER- BA,CLINICA DANIELA E IVO SERVICOS ESPECIALIZADOS EM RADIOLOGIA LTDA EPP,BA,04.910.762/0001-86
CLINICA SER - BA,CLINICA DANIELA E IVO SERVICOS ESPECIALIZADOS EM RADIOLOGIA LTDA EPP,BA,04.910.762/0001-86
CLINNAZA   BA,CLINNAZA CLÍNICA NAZARÉ SC,BA,16.172.389/0001-92
CLINICA VETERINÁRIA SALVADOR FELIS,CLINICA VETERINÁRIA SALVADOR FELIS,SP,57.431.447/0001-32
CLIONCOL - PB,CLÍNICA ONCOLÓGICA DRA. DALVA GUEDES ARNAUD S/S LTDA,PB,00.508.745/0001-66
CLIPSI   PB,CLIPSI - SERVIÇOS HOSPITALARES S/S LTDA,PB,05.842.952/0001-76
PET CARE PACAEMBU - SP,PET CARE PACAEMBU LTDA,SP,16.963.239/0001-05
PET CARE TATUAPE - SP,CENTRO VETERINARIO 004 LTDA,SP,20.049.161/0001-87
AVANTTI - PE,AVANTTI TERCEIRIZACAO E SERVICOS LTDA,PE,04.734.642/0001-75
AVANTTI - PB,AVANTTI TERCEIRIZACAO E SERVICOS LTDA,PB,00.000.000/1111-11
AVANTTI - RN,AVANTTI TERCEIRIZACAO E SERVICOS LTDA,RN,00.000.000/2222-22
AVANTTI - CE,AVANTTI TERCEIRIZACAO E SERVICOS LTDA,CE,00.000.000/3333-33
AVANTTI - MA,AVANTTI TERCEIRIZACAO E SERVICOS LTDA,MA,00.000.000/4444-44
AVANTTI - PI,AVANTTI TERCEIRIZACAO E SERVICOS LTDA,MA,00.000.000/5555-55
AVANTTI - AL,AVANTTI TERCEIRIZACAO E SERVICOS LTDA,AL,00.000.000/6666-66
AVANTTI - BA,AVANTTI TERCEIRIZACAO E SERVICOS LTDA,BA,00.000.000/7777-77
AVANTTI - SE,AVANTTI TERCEIRIZACAO E SERVICOS LTDA,SE,00.000.000/8888-88
AVANTTI - AC,AVANTTI TERCEIRIZACAO E SERVICOS LTDA,AC,00.000.000/9999-99
AVANTTI - AM,AVANTTI TERCEIRIZACAO E SERVICOS LTDA,AM,00.000.000/1010-10
AVANTTI - AP,AVANTTI TERCEIRIZACAO E SERVICOS LTDA,AP,00.000.000/1212-12
AVANTTI - PA,AVANTTI TERCEIRIZACAO E SERVICOS LTDA,PA,00.000.000/1313-13
AVANTTI - RO,AVANTTI TERCEIRIZACAO E SERVICOS LTDA,RO,00.000.000/1414-14
AVANTTI - RR,AVANTTI TERCEIRIZACAO E SERVICOS LTDA,RR,00.000.000/1515-15
AVANTTI - TO,AVANTTI TERCEIRIZACAO E SERVICOS LTDA,TO,00.000.000/1616-16
COMERCIAL FERREIRA - SP,F J FERREIRA DA SILVA ME ,SP,21.532.055/0001-12
CBC NEGOCIOS - SP,CENTRAR BRASILEIRA DE COMERCIALIZAÇÃO CBC LTDA,SP,17.432.772/0001-03
FUABC - CENTRO HOSPITALAR DO SISTEMA PENITENCIARIO  SP,FUNDACAO DO ABC,SP,57.571.275/0019-21
SANTA MARCELINA - (APS) PA GLÓRIA - SP,REDE ASSISTENCIAL DAS SUPERVISÕES DE SAÚDE ITAQUERA.GUAIANASES E CIDADE TIRADENTES,SP,60.742.616/0012-12
UPA ITAQUERA - SP,RASTS - REDE ASSISTENCIAL DAS SUPERVISÕES DE SAÚDE ITAQUERA.GUAIANASES E CIDADE TIRADENTES,SP,60.742.616/0012-1X
HOSPITAL DR. JOSÉ ATHANÁZIO - SC,FUNDAÇÃO HOSPITALAR DR. JOSÉ ATHANÁZIO,SC,83.156.455/0001-28
SANTA MARCELINA - (APS) - OSS RASTS ITAQUERA/GUAIANASES/TIRADENTES ,RASTS - REDE ASSISTENCIAL DAS SUPERVISÕES DE SAÚDE ITAQUERA.GUAIANASES E CIDADE TIRADENTES,SP,60.742.616/0012-12
SANTA MARCELINA - (APS) - OSS  ITAIM PAULISTA E SÃO MIGUEL,RASTS - REDE ASSISTENCIAL DAS SUPERVISÕES DE SAÚDE ITAIM PAULISTA E SÃO MIGUEL,SP,60.742.616/0015-65
HOSPITAL AEROPORTO - BA,HOSPITAL AEROPORTO LTDA,BA,04.602.792/0001-25
ASELC - HOSPITAL REGIONAL PUBLICO DO ARAGUAIA - PA,ASSOCIACAO DE SAUDE. ESPORTE. LAZER E CULTURA - ASELC,PA,09.055.340/0002-75
HOSPITAL REGIONAL DO VALE DO PARAÍBA - SP,SOCIEDADE BENEFICENTE SÃO CAMILO,SP,60.975.737/0072-45
SANTA MARCELINA - HOSP. STA MARCELINA RONDONIA - RO,CASA DE SAUDE SANTA MARCELINA,RO,60.742.616/0002-40
SANTA MARCELINA - HOSPITAL CIDADE TIRADENTES - SP,CASA DE SAUDE SANTA MARCELINA,SP,60.742.616/0013-01
SANTA MARCELINA - HOSP. GERAL DE ITAQUAQUECETUBA - SP,CASA DE SAUDE SANTA MARCELINA,SP,60.742.616/0007-55
SANTA MARCELINA - HOSP. GERAL S. MARCELINA DO ITAIM PTA - SP,CASA DE SAUDE SANTA MARCELINA,SP,60.742.616/0006-74
SANTA MARCELINA - AMBUL. EST. ESP. MED. ZONA LESTE - SP,CASA DE SAUDE SANTA MARCELINA,SP,60.742.616/0014-84
RASTS ITAQUERA/GUAIANASES/TIRADENTES - SP,CASA DE SAUDE SANTA MARCELINA,SP,60.742.616/0012-1X
RASTS SAO MIGUEL E ITAIM PAULISTA - SP,CASA DE SAUDE SANTA MARCELINA,SP,60.742.616/0012-1X
SANTA MARCELINA - CONSOLIDADOR MATRIZ - SP,SANTA MARCELINA - CONSOLIDADOR SANTA MARCELINA - SP,SP,60.742.616/0001-6X
LIGA CONTRA O CÂNCER DE NATAL - RN,LIGA NORTE RIOGRANDENSE CONTRA O CÂNCER,RN,08.428.765/0002-10
CLÍNICA SANTA HELENA - BA,CLÍNICA SANTA HELENA S/C LTDA,BA,33.917.568/0001-20
CEMUPE   PE,CENTRO DE MEDICINA NUCLEAR DE PERNAMBUCO LTDA,PE,00.228.813/0001-33
INSTITUTO DE DIAGNOSTICO JOSE ROCHA DE SA   PE,INSTITUTO DE DIAGNOSTICO JOSE ROCHA DE SA LTDA,PE,11.933.822/0001-41
FMSA - HOSPITAL ERMÍRIO COUTINHO   PE,FUNDAÇÃO MANOEL DA SILVA ALMEIDA,PE,09.767.633/0003-66
SEOPE - HOSPITAL DE OLHOS - PE,SEOPE - SERVICO OFTALMOLOGICO DE PERNAMBUCO LTDA,PE,35.470.574/0001-08
HCP GESTÃO - HOSPITAL DA MULHER DO RECIFE - PE,SOCIEDADE PERNAMBUCANA DE COMBATE AO CANCER ,PE,10.894.988/0004-86
HCP GESTÃO - HOSPITAL SÃO SEBASTIÃO - PE,SOCIEDADE PERNAMBUCANA DE COMBATE AO CANCER,PE,10.894.988/0006-48
HCP GESTÃO - UPAE ARCOVERDE - PE,SOCIEDADE PERNAMBUCANA DE COMBATE AO CANCER,PE,10.894.988/0002-14
HCP GESTÃO - UPAE ARRUDA - PE,SOCIEDADE PERNAMBUCANA DE COMBATE AO CANCER,PE,10.894.988/0005-67
HCP GESTÃO - UPAE CARUARU - PE,SOCIEDADE PERNAMBUCANA DE COMBATE AO CANCER,PE,10.894.988/0007-29
HCP GESTÃO - UPAE BELO JARDIM - PE,SOCIEDADE PERNAMBUCANA DE COMBATE AO CANCER,PE,10.894.988/0003-03
HCP GESTÃO - HOSPITAL PROVISÓRIO DO RECIFE - UNIDADE AURORA - PE,SOCIEDADE PERNAMBUCANA DE COMBATE AO CANCER,PE,10.894.988/0008-00
ANGIONEURO - AL,CENTRO DE RADIOLOGIA INTERVENCIONISTA,AL,07.204.706/0001-14
ASSISTE VIDA ATENÇÃO DOMICILIAR - BA,ASSISTE VIDA LTDA - EPP ,BA,04.678.190/0001-51
ASSISTE VIDA FEIRA DE SANTANA - BA,Assiste vida atenção domiciliar LTDA,BA,04.678.190/0006-66
ASSISTE VIDA ITABUNA - BA,Assiste vida atenção domiciliar LTDA,BA,04.678.190/0008-28
BAHIA HOME CARE   BA,BAHIA HOME CARE SS LTDA,BA,07.766.008/0001-02
HOSPITAL SOBABY - BA,HOSPITAL SOBABY LTDA,BA,13.266.929/0001-09
PREFEITURA MUNICIPAL DE BILAC - SP,MUNICÍPIO DE BILAC,SP,44.430.783/0001-19
BIO ANALISE - PI,BIO ANALISE S/C LTDA,PI,01.038.328/0001-60
CAPTAMED,CAPTAMED CUIDADOS CONTINUADOS LTDA,MG,05.503.624/0006-50
CARDIOPULMONAR - BA,CARDIO PULMONAR DA BAHIA S.A,BA,13.952.064/0001-34
CDI   BA,CDI CLINICA DE DIAGNOSTICO POR IMAGEM LTDA,BA,33.979.089/0001-39
CLINICA CIRÚRGICA SÃO MATHEUS - RJ,CLINICA CURÚRGICA SÃO MATHEUS DA PENHA LTDA,RJ,35.841.661/0001-24
CLINILAR - AL,CLINILAR HOME CARE S/S LTDA EPP,AL,07.480.558/0001-60
CRA CLÍNICA RADIOLÓGICA DE ANÁPOLIS LTDA - GO,CRA CLÍNICA RADIOLÓGICA DE ANÁPOLIS,GO,01.108.999/2000-13
CASA DE SAÚDE SANTA EFIGÊNIA   PE,CASA DE SAÚDE SANTA EFIGÊNIA LTDA.,PE,11.403.094/0001-66
BAR DO NENO / BAR DO LULA,PIZZARIA PADRE ROMA LTDA,PE,69.924.090/0001-03
LABORATÓRIO DNA CENTER - RN,LABORATÓRIO DNA CENTER,RN,24.519.993/0001-70
DNA LABORATORIO - BA,DNA - CENTRO LABORATORIAL DE GENETICA E BIOLOGIA MOLECULAR LTDA,BA,00.912.031/0001-19
SH BRASIL,SH BRASIL SERVIÇOS DE SAÚDE LTDA,PE,11.004.122/0001-72
HOSPITAL BENEFICENTE SÃO CARLOS - RS,HOSPITAL BENEFICENTE SÃO CARLOS,RS,89.847.370/0001-72
HOSPITAL DO CANCER DE LONDRINA - PR,INSTITUTO DE CANCER DE LONDRINA,PR,78.633.088/0001-76
HOSPITAL DO CORAÇÃO - RN,HOSPTIAL DO CORAÇÃO DE NATAL LTDA,RN,00.820.737/0001-50
SCMN - HOSPITAL GONCALVES MARTINS E MATERNIDADE FELIPA SILVA,IRMANDADE DA SANTA CASA DE MISERICORDIA DA CIDADE DE NAZARÉ,BA,14.848.618/0001-10
IBOPC   BA,INST. BRAS. OFTALMOLOGIA E PREVENÇÃO DA CEGUEIRA,BA,15.200.967/0001-XX
HOSPITAL INFANTIL FRANCISCO DE ASSIS - ES,HOSPITAL INFANTIL FRANCISCO DE ASSIS,ES,27.192.590/0001-58
FUABC - HOSPITAL BERTIOGA  SP,FUNDACAO DO ABC - HOSPITAL BERTIOGA OSS,SP,57.571.275/0011-74
HOSPITAL DI CAMP - RJ,HOSPITAL DI CAMP LTDA,RJ,02.745.280/0001-92
HOSPITAL FRANCISCO MAGALHÃES - PA,HOSPITAL FRANCISCO MAGALHÃES LTDA,PA,05.389.093/0001-01
HOSPITAL IGESP - SP,IGESP SA CENTRO MEDICO E CIRURGICO INST GASTROENTEROLOGIA DE SP,SP,61.442.190/0001-91
HOSPITALIS - NUCLEO HOSPITALAR DE BARUERI SP,HOSPITALIS NUCLEO HOSPITALAR DE BARUERI LTDA,SP,59.042.622/0001-25
HOSPITAL JOÃO PAULO II,HOSPITAL JOÃO PAULO II LTDA. - EPP,PB,40.939.944/0001-43
HOSPITAL MATERNIDADE SÃO MATEUS - ES,CASA DE NOSSA SENHORA APARECIDA,ES,27.993.427/0002-75
FUABC - HOSPITAL NARDINI - COSAM - SP,FUNDAÇÃO DO ABC,SP,57.571.275/0013-36
HOSPITAL RESIDENCIAL (NORDESTE SERVIÇOS MEDICOS LTDA) - PB,NORDESTE SERVIÇOS MEDICOS LTDA,PB,05.238.398/0004-65
LIFE HOME CARE - PE,LIFE CARE SERVICOS MEDICOS LTDA,PE,26.130.806/0001-98
HOSPITAL SAMUR - BA,SERVICO DE ASSISTENCIA MEDICA E URGENCIA SA SAMUR,BA,16.205.262/0001-22
HOSPITAL MARIO RIBEIRO - FUNAM,FUNDAÇÃO ALTO MEDIO SÃO FRANCISCO,MG,20.533.295/0003-30
HOSPITAL SANTA MONICA,HOSPITAL SANTA MONICA LTDA,ES,29.985.009/0001-80
HOSPITAL SANTA TERESINHA,HOSPITAL SANTA TERESINHA LTDA,PE,09.192.486/0001-81
HOSPITAL SOBRASA SA - BA,SOCIEDADE BRASILEIRA DE AMPARO A SAUDE LTDA,BA,13.761.374/0001-71
HOSPITAL VIDA   AL,HOSPITAL VIDA S/S LTDA - EPP,AL,02.476.391/0001-40
HOSPITAL PADRE MÁXIMO,ASSOCIACAO SOCIAL FILANTROPICA HOSPITAL PADRE MAXIMO,ES,27.443.803/0001-77
PROHOPE   BA,HOSPITAL PROHOPE LTDA,BA,97.397.848/0001-38
HOSPITAL SÃO FRANCISCO DE ASSIS - GO,HOSPITAL SÃO FRANCISCO DE ASSIS LTDA,GO,01.625.151/0001-06
HOSPITAL SAO RAIMUNDO - CE,FUNDACAO LEANDRO BEZERRA DE MENEZES,CE,06.746.713/0002-66
UPA BOM JARDIM - CE,FUNDACAO LEANDRO BEZERRA DE MENEZES,CE,06.746.713/0004-28
HTO - HOSPITAL DE TRAUMATO E ORTOPEDIA - BA,HOSPITAL DE TRAUMATO E ORTOPEDIA LTDA - HTO,BA,33.875.865/0001-50
HOSPITAL UNIVERSITÁRIO NOVA ESPERANÇA - HUNE - PB,FUNDAÇÃO JOSE LEITE DE SOUZA,PB,40.980.914/0001-80
HOSPITAL VERA CRUZ,HOSPITAL VERA CRUZ SA,MG,17.163.528/0001-84
IMAIP - HOSPITAL POLICLINICA E MATERNIDADE DE BARBACENA - MG,INST MATERN ASSIST A INFANC E POLICLIN DE BARBACENA,MG,17.084.005/0001-42
HOSPITAL MONUMENTO AS MÃES - MG,IRMANDADE DA SANTA CASA DE MISERICORDIA DE IBERTIOGA ,MG,19.032.960/0001-61
IMP - RJ,IMP INSTITUTO DE MEDICINA E PROJETO,RJ,00.419.909/0001-24
INTS - UPA FEIRA DE SANTANA,INTS -INSTITUTO NACIONAL DE AMPARO A PESQUISA. TECNOLOGIA E INOVACAO NA GESTAO PUBLICA,BA,11.344.038/0013-31
INTS - SAMU MOGI DAS CRUZES,INTS - INSTITUTO NACIONAL DE TECNOLOGIA E SAÚDE,SP,11.344.038/0001-06
INTS - HOSPITAL ESTADUAL DA BARRA - BA,INTS - INSTITUTO NACIONAL DE TECNOLOGIA E SAÚDE,BA,11.344.038.0001/06
INTS - UPA DE BROTAS 2 - BA,INTS -INSTITUTO NACIONAL DE AMPARO A PESQUISA. TECNOLOGIA E INOVACAO NA GESTAO PUBLICA,BA,11.344.038/0011-70
INTS - HOSPITAL MUNICIPAL DE BERTIOGA - SP,INTS - INSTITUTO NACIONAL DE TECNOLOGIA E SAÚDE,SP,11.344.038/0014-12
INTS - UPA OROPÓ MOGI DAS CRUZES - SP,INSTITUTO NACIONAL DE TECNOLOGIA E SAUDE,SP,11.344.038/0001-06
INTS - UTI Bertioga - SP,INTS - INSTITUTO NACIONAL DE TECNOLOGIA E SAÚDE,SP,11.344.038/0014-12
HOSPITAL SÃO VICENTE DE PAULO - PB,INSTITUTO WALFREDO GUEDES PEREIRA,PB,09.124.165/0001-40
LASER OCULAR ABC - SP (TECLASER),CENTRAL DE LASER OCULAR ABC LTDA,SP,01.698.575/0001-92
LG INN HOTEL - PE,ARRECIFES HOTEIS E TURISMO SA,PE,09.507.195/0001-35
MAIS MÉDICO - BA,DALLA DINIZ E AGUIAR LTDA EPP,BA,28.016.955/0001-56
HOSPITAL MATERMED LTDA,HOSPITAL MATERMED LTDA,MG,00.860.223/0001-29
MATERNIDADE SÃO FRANCISCO   RJ,NEOTIN NEONATAL TERAPIA INTENSIVA SA,RJ,00.247.125/0002-00
GRUPO MEDDI - MULTIMAGEM - CANELA - BA,MULTIMAGEM LTDA,BA,01.126.692/0003-43
GRUPO MEDDI - MULTIMAGEM CIDADE BAIXA - BA,INSTITUTO DA IMAGEM DE SALVADOR LTDA,BA,13.621.005/0001-83
GRUPO MEDDI - INST. DE DIAG. POR IMAGEM DO RECÔNCAVO - BA,INST. DE DIAG. POR IMAGEM DO RECÔNCAVO LTDA,BA,10.617.565/0001-76
GRUPO MEDDI - INST DIAG IMAGEM DE ALAGOINHAS - BA,INSTITUTO DIAGNOSTICO POR IMAGEM DE ALAGOINHAS,BA,12.748.048/0001–61
GRUPO MEDDI - INST. DE DIAG. POR IMAGEM DE IRECÊ - BA,INST. DE DIAG. POR IMAGEM DE IRECÊ LTDA,BA,11.855.370/0001-27
GRUPO MEDDI - RMNI- RESSONÂNCIA MAG. NUCLEAR ITABUNA - BA,RMNI- RESSONÂNCIA MAG. NUCLEAR ITABUNA LTDA,BA,06.268.709/0002-30
GRUPO MEDDI - RESSONÂNCIA MAGNÉTICA NUCLEAR ITABUNA - BA,RESSONÂNCIA MAGNÉTICA NUCLEAR ITABUNA LTDA,BA,06.268.709/0001-59
GRUPO MEDDI - MULTIMAGEM ILHÉUS - BA,MULTIMAGEM ILHÉUS LTDA,BA,14.629.120/0001-67
GRUPO MEDDI - MULTIMAGEM OESTE - BA,IMAGEM OESTE LTDA,BA,20.939.189/0001-90
GRUPO MEDDI - MULTIMAGEM SIMÕES FILHO - BA,MULTIMAGEM SIMÕES FILHO LTDA,BA,23.011.939/0001-57
GRUPO MEDDI - MULTIMAGEM ITABERABA - BA,MULTIMAGEM ITABERABA LTDA,BA,23.019.200/0001-91
GRUPO MEDDI - MULTIMAGEM SERRINHA - BA,INSTITUTO DA IMAGEM DE SERRINHA LTDA,BA,22.874.110/0001-15
GRUPO MEDDI - IHEF - SERV GESTÃO COORP DE SAÚDE - BA,IHEF - SERV GESTÃO COORP DE SAÚDE LTDA,BA,34.420.356/0001-04
GRUPO MEDDI - HEMOCENTER LAB. DE ANALISE CLINICAS - BA,HEMOCENTER LAB. DE ANALISE CLINICAS LTDA,BA,01.623.611/0001-59
GRUPO MEDDI - INSTIT. MED NUCLEAR DE FEIRA DE SANTANA - BA,INSTIT. MEDICINA NUCLEAR DE FEIRA DE SANTANA LTDA,BA,05.249.860/0001-87
GRUPO MEDDI - ONCOBAHIA - BA,ONCOBAHIA - SERV. MÉDICOS HOSP. DE ONCOLOGIA LTDA,BA,04.603.755/0001-31
GRUPO MEDDI - HEMOFEIRA - BA,HEMOFEIRA - SERV.HEMAT.HEMOT.ONCOLOGICO LTDA,BA,00.428.990/0001-63
GRUPO MEDDI - BIOCENTER - BA,BIOCENTER -CENTRO HEMATOLOGIA E PATOLOGIA LTDA,BA,16.292.781/0001-75
GRUPO MEDDI - MULTIMAGEM ONDINA - BA,ONDINA SERV. DE DIAGNOSTICO POR IMAGEM LTDA,BA,26.585.068/0001-73
GRUPO MEDDI - INSTITUTO DA IMAGEM DE VITORIA DA CONQUISTA - BA,INSTITUTO DA IMAGEM DE VITORIA DA CONQUISTA LTDA,BA,18.166.642/0001-20
GRUPO MEDDI - IMAGEM MEDICA CAMACARI - BA,IMAGEM MEDICA CAMACARI LTDA,BA,05.594.110/0002-23
MULTIRIM- PE,UNIDADE DE DIAGNOSTICO E TERAPIA RENAL LTDA,PE,02.975.726/0001-75
UNIMED LESTE FLUMINENSE - RJ,UNIMED DE SAO GONCALO NITEROI,RJ,28.630.531/0001-87
UNIMED LESTE FLUMINENSE - SPA - RJ,UNIMED SAO GONCALO NITEROI SOC COOP SERV MED HOSP LTDA,RJ,28.630.531/0002-68
UNIMED LESTE FLUMINENSE - CENTRO DE IMAGEM - RJ,UNIMED SAO GONCALO NITEROI SOC COOP SERV MED HOSP LTDA,RJ,28.630.531/0003-49
UNIMED LESTE FLUMINENSE - ESPAÇO - RJ,UNIMED SAO GONCALO NITEROI SOC COOP SERV MED HOSP LTDA,RJ,28.630.531/0010-78
UNIMED LESTE FLUMINENSE - HOSPITAL - RJ,CASA DE SAUDE SANTA LUCIA LTDA,RJ,31.684.384/0001-32
OFTALMOCLINICA CURITIBA - PR,OFTALMOCLINICA CURITIBA LTDA,PR,80.764.889/0001-12
PRESERVE   PE,PRESERVE SEGURANÇA E TRANSPORTE DE VALORES LTDA.,PE,11.179.264/0001-70
PROCESSO ENGENHARIA LTDA,PROCESSO ENGENHARIA,PE,00.392.213/0001-06
CLINICA RADIOLOGICA   BA,CLINICA RADIOLOGICA DE FEIRA DE SANTANA LTDA,BA,13.346.762/0001-96
REAL HOSPITAL PORTUGUÊS   PE,REAL HOSPITAL PORTUGUÊS DE BENEF. EM PE,PE,10.892.164/0001-24
S3 GESTÃO EM SAÚDE - BA,ASSOCIAÇÃO DE PROTEÇÃO A MATERNIFDADE E INFÂNCIA DE UBAÍRA,BA,12.307.187/0001-50
SANTA CASA DE CANINDÉ - CE,ASSOCIAÇÃO HOSPÍTALAR SÃO FRANCISCO DE CANINDÉ,CE,07.113.558/0001-22
SANTA CASA DE MISERICORDIA DE RUY BARBOSA - BA,SANTA CASA DE MISERICORDIA DE RUY BARBOSA,BA,15.093.966/0001-98
SANTA MARCELINA - HOSPITAL SANTA MARCELINA -  ITAQUERA SP,CASA DE SAUDE SANTA MARCELINA,SP,60.742.616/0001-60
SANTA MARCELINA - (APS) EMADS - SP,CASA DE SAUDE SANTA MARCELINA,SP,60.742.616/0015-65
SANTA MARCELINA - (APS) ABASTECIMENTO - SP ,CASA DE SAUDE SANTA MARCELINA,SP,60.742.616/0012-12
SANTA MARCELINA - (APS) GALPÃO LÍDER - SP,CASA DE SAUDE SANTA MARCELINA,SP,60.742.616/0012-12
SANTA MARCELINA - (APS) UPA24HS ITAQUERA - SP,CASA DE SAUDE SANTA MARCELINA,SP,60.742.616/0012-DD
SANTA MARCELINA - (APS) UPA24HS JULIO TUPY - SP,CASA DE SAUDE SANTA MARCELINA,SP,60.742.616/0012-12
SANTA MARCELINA - (APS) EMADS  - SP,CASA DE SAUDE SANTA MARCELINA,SP,60.742.616/0012-12
SANTA MARCELINA - (APS) ABASTECIMENTO - SP,CASA DE SAUDE SANTA MARCELINA,SP,60.742.616/0015-65
SANTA MARCELINA - (APS) GALPÃO LÍDER  - SP,CASA DE SAUDE SANTA MARCELINA,SP,60.742.616/0015-65
SANTA MARCELINA - (APS) REDE HORA CERTA - SP,CASA DE SAUDE SANTA MARCELINA,SP,60.742.616/0015-65
SANTA MARCELINA - (APS) PA ATUALPA - SP,CASA DE SAUDE SANTA MARCELINA,SP,60.742.616/0015-65
SANTA MARCELINA - (APS) UPA24HS TITO LOPES,CASA DE SAUDE SANTA MARCELINA,SP,60.742.616/0015-65
GS PLANO GLOBAL DE SAUDE - RJ,GS ­ PLANO GLOBAL DE SAUDE LTDA,RJ,04.165.719/0001­33
HOSPITAL SÃO MATHEUS - BA,HOSPITAL E CLINICA SAO MATHEUS LTDA,BA,13.969.621/0001-20
PREFEITURA MUNICIPAL - SP,Municipio de Taiuva,SP,45.339.611/0001-05
TECNOLAB MEDICINA DIAGNOSTICA S/A - SP,TECLAB MEDICINA DIAGNOSTICA S/A,SP,51.131.969/0001-32
UNIMAGEM CARUARU - PE,Unimagem Clinica Medica Imagem Diagnostico Ltda,PE,40.888.240/0001-99
HOSPITAL PLANALTO   UNIMED BRASÍLIA   DF,UNIMED BRASÍLIA COOPERATIVA TRABALHO MÉDICO,DF,00.510.909/0006-02
UNINEURO   PE,UNINEURO SERV. DE IMAGENS RADIOGRÁFICAS DE RECIFE,PE,24.392.243/0001-80
VIVERE SAÚDE MATRIZ - ES,ESPAÇO VIVERE SAÚDE LTDA,ES,26.184.295/0001-97
FUABC - UPA24H – SANTOS  SP,FUNDAÇÃO DO ABC,SP,57.571.275/0024-99
FUABC - UPA24H – RODEIO   MOGI DAS CRUZES  SP,FUNDAÇÃO DO ABC,SP,57.571.275/0022-27
FUABC - CENTRAL DE CONVÊNIOS - SP,FUABC - CENTRAL DE CONVÊNIOS,SP,57.571.275/0004-45
FUABC - P.A PARAISO  SP,FUNDAÇÃO DO ABC - CENTRAL DE CONVÊNIOS - O.S.S,SP,57.571.275/0004-4x
FUABC - P.A. MARIA DIRCE  SP,FUNDAÇÃO DO ABC - CENTRAL DE CONVÊNIOS - O.S.S,SP,57.571.275/0004-XX
HOSPITAL REGIONAL DARCY VARGAS - RJ,HOSPITAL REGIONAL DARCY VARGAS,RJ,31.517.493/0001-65
IRM. SANTA CASA DE MISERICÓRDIA DE PORTO FELIZ - SP,IRM. SANTA CASA DE MISERICÓRDIA DE PORTO FELIZ,SP,55.141.725/0001-91
IBR HOSPITAL - BA,IBR INSTITUTO BRANDAO DE REABILITACAO LTDA,BA,13.284.872/0001-70
IOR-PE,INSTITUTO DE OLHOS DO RECIFE LTDA,PE,10.970.077/0001-48
HOSPITAL JAYME DA FONTE   PE,ORGANIZAÇÃO HOSPITALAR DE PERNAMBUCO LTDA,PE,11.452.240/0001-43
SCMR - COLÉGIO SANTA LUIZA MARILAC  PE,COLÉGIO SANTA LUIZA MARILAC,PE,10.869.782/0014-78
MERIDIONAL - HOSPITAL PRAIA DA COSTA - ES,HOSPITAL PRAIA DA COSTA S/A,ES,39.298.922/0001-62
MERIDIONAL - HOSPITAL SAO LUIZ - ES,HOSPITAL SAO LUIZ S/A,ES,27.569.847/0001-48
IGIS - P.A. GLÓRIA - ES,IGIS - INSTITUTO DA GESTÃO E INOVAÇÃO DA SAÚDE,ES,07.156.945/0002-27
IGIS - INSTITUTO DA GESTAO E INOVACAO DA SAUDE - MATRIZ - ES,IGIS - INSTITUTO DA GESTAO E INOVACAO DA SAUDE,ES,07.156.945/0001-46
IGIS - P.A. TREVO - ES,IGIS - INSTITUTO DA GESTAO E INOVACAO DA SAUDE,ES,07.156.945/0003-08
SANTA CASA DE MISERICORDIA DE FORTALEZA   CE,IRMANDADE BENEF DA STA CASA DE MISERICORDIA DE FOR,CE,07.273.592/0001-64
MERIDIONAL - HOSPITAL E MATERNIDADE SAO FRANCISCO DE ASSIS - ES,HOSPITAL E MATERNIDADE SAO FRANCISCO DE ASSIS S/A,ES,30.779.649/0001-13
MERIDIONAL - GRUPO MERIDIONAL - ES,GRUPO MERIDIONAL - ES,ES,99.999.999/0000-00
MERIDIONAL - HOSPITAL MERIDIONAL SAO MATEUS - ES,HOSPITAL MERIDIONAL SAO MATEUS S.A,ES,10.427.478/0001-56
MERIDIONAL - HOSPITAL METROPOLITANO - ES,HOSPITAL METROPOLITANO S/A,ES,32.402.414/0001-33
MERIDIONAL - HOSPITAL MERIDIONAL S.A - ES,HOSPITAL MERIDIONAL S.A,ES,00.625.711/0001-51
MERIDIONAL - HOSPITAL MERIDIONAL ESTUDOS - ES,HOSPITAL MERIDIONAL ESTUDOS - ES,ES,90.900.900/9000-90
PREFEITURA MUNICIPAL DO BALNEÁRIO PINHAL - RS,MUNICIPIO DE BALNEÁRIO PINHAL,RS,01.611.339/0001-97
HE UFPEL - RS,UNIVERSIDADE FEDERAL DE PELOTAS,RS,92.242.080/0002-90
HOSPITAL DA CRIANÇA - GO,AMIGO ASSISTENCIA MEDICA INFANTIL DE GOIANIA LTDA,GO,01.407.360/0001-75
MEDLIFE - PA,Medlife serviços medicos ltda,PA,05.130.206/0001-50
FMSA - UPA NOVA DESCOBERTA SOLANO TRINDADE  PE,FUNDAÇÃO MANOEL DA SILVA ALMEIDA,PE,09.767.633/0005-28
HOSPITAL DE ILHEUS  - BA,HOSPITAL DE ILHEUS LTDA,BA,07.947.587/0001-90
HOSPITAL SAMARITANO   PB,HOSPITAL SAMARITANO LTDA,PB,09.129.222/0001-83
GABINETE DO PREFEITO - MG,MUNICÍPIO DE GUIRICEMA,MG,18.137.943/0001-26
SANTA CASA DE SÃO MIGUEL DOS CAMPOS - AL,STA. CASA DE MISERICORDIA DE SÃO MIGUEL DOS CAMPOS,AL,12.737.680/0001-00
ASSOCIACAO OBRAS SOCIAIS IRMA DULCE - BA,ASSOCIACAO OBRAS SOCIAIS IRMA DULCE,BA,15.178.551/0001-17
FADE-UFPE,FUNDACAO DE APOIO AO DESENVOLVIMENTO DA UNIVERSIDADE FEDERAL DE PERNAMBUCO,PE,11.735.586/0001-59
MV,MV INFORMATICA NORDESTE LTDA,PE,92.306.257/0002-75
TKS SEGURANCA PRIVADA LTDA,TKS SEGURANCA PRIVADA LTDA,PE,07.774.050/0001-75
COMPRAS E ALMOXARIFADO UNIMED - RS,UNIMED NORDESTE RS SOCIEDADE COOP DE SERV MEDICOS LTDA,RS,87.827.689/0029-01
CASA DO AR ENGENHARIA - BA,CASA DO AR ENGENHARIA LTDA,BA,00.530.740/0001-15
CHS JOÃO PAULO II - PE,ASSOCIAÇÃO BENEFICENTE JOÃO PAULO II,PE,22.564.221/0001-25
ELO BROKER - PE,ELO BROKER ARMAZENAMENTO LTDA - ME,PE,02.151.947/0001-29
INFINITA DIAGNÓSTICO - SAMUEL CASTIEL,CLINICA SAMUEL CASTIEL JR LTDA,RO,04.083.663/0001-78
INFINITA DIAGNÓSTICO - MACAPÁ,INFINITA ASSISTÊNCIA MÉDICA HOSPITALAR S/A ,AP,07.196.243/0007-81
INFINITA DIAGNÓSTICO - MARABÁ,INFINITA ASSISTÊNCIA MÉDICA HOSPITALAR S/A ,PA,07.196.243/0010-87
INFINITA DIAGNÓSTICO - GUARÁ,INFINITA ASSISTÊNCIA MÉDICA HOSPITALAR S/A,DF,07.196.243/0003-58
INAPP - RS,Instituto Núcleo de Apoio as Políticas Públicas,RS,08.041.997/0001-30
INTS - BIRITI - SP,INTS ­INSTITUTO NACIONAL DE AMPARO A PESQUISA. TECNOLOGIA E INOVACAO NA GESTAO PUBLICA,SP,11.344.038/0010-99
GARDEN COSMETICOS - GO,BEZERRA DISTRIBUIDORA DE COSMETICOS EIRELI,GO,35.556.104/0001-84
PROLUCMAR ENGENHARIA,PROLUCMAR PROJ E SERV EXEC DE OBRAS,PE,16.100.678/0001-86
PROVISAO HOSP OFTALMO PARAÍBA - PB (TECLASER),PROVISÃO HOSPITAL OFTALMOLÓGICO DA PARAÍBA,PB,16.660.436/0001-47
UNICO LASER - SP (TECLASER),UNIDADE DE CIRURGIA OCULAR A LASER LTDA,SP,01.156.289/0001-03
UNIRADBSF - AC,UNIDADE DE RADIODIAGNOSTICO POR IMAGEM SAO FRANCISCO LTDA,AC,08.830.933/0001-18
VITTASAUDE - BA,VITTASAUDE - ASSISTENCIA MULTIPROFISSIONAL A SAUDE.CONSULTORIA E CAPACITACAO LTDA - ME,BA,18.224.417/0001-01
HOSPITAL DO CANCER DO NORTE DE MINAS LTDA - MG,HOSPITAL DO CANCER DO NORTE DE MINAS LTDA - MG,MG,10.326.859/0001-49
CLEAN HIGIENIZACAO DE TEXTEIS,CLEAN HIGIENIZACAO DE TEXTEIS EIRELI,PE,27.837.083/0001-24
COOPERFARMA - RN,COOPERATIVA DE PROPRIETARIOS FARMACIAS E DROGARIAS DO RIO GRANDE DO NORTE,RN,00.582.634/0001-08
SANTA CASA DE MISERICORDIA DE VALENÇA / HEITOR GUEDES DE MELO,SANTA CASA DE MISERICORDIA DE VALENÇA,BA,16.175.036/0001-46
MARTAGAO VILLAS,LIGA ALVARO BAHIA CONTRA A MORTALIDADE INFANTIL,BA,15.170.723/0004-59
FUABC - HOSPITAL MUNICIPAL IRMA DULCE  SP,FUNDACAO DO ABC,SP,57.571.275/0009-50
NEO NÚCLEO DE EXCELÊNCIA EM OFTALMOLOGIA - MG,NEO NÚCLEO DE EXCELÊNCIA EM OFTALMOLOGIA LTDA,MG,09.558.069/0001-00
OPTILASER - SP (TECLASER),OPTILASER OFTALMOLOGIA E CIRURGIA A LASER LTDA,SP,03.871.767/0001-84
HOSPITAL UNIMED NATAL - RN,UNIMED NATAL SOCIEDADE COOPERATIVA DE TRABALHO MEDICO,RN,08.380.701/0006-10
CTV LASER - PB (TECLASER),CENTRO DE TRATAMENTO DA VISÃO,PB,00.340.386/0001-80
CUIDADO AO IDOSO E SERVIÇOS EIRELI - RJ,home care ,RJ,31.680.907/0001-72
CUIDADO AO IDOSO - HOME CARE - RJ,CUIDADO AO IDOSO E SERVICOS EM SAUDE EIRELI ,RJ,31.680.907/0001-72
SCMBA - ADMINISTRAÇÃO CENTRAL - BA,SANTA CASA DE MISERICORDIA DA BAHIA,BA,15.153.745/0001-68
SCMBA - HOSPITAL SANTA IZABEL - BA,SANTA CASA DE MISERICORDIA DA BAHIA,BA,15.153.745/0002-49
SCMBA - P.A. ORTOPÉDICO - BA,SANTA CASA DE MISERICÓRDIA DA BAHIA,BA,15.153.745/0003-20
SCMBA - CEMITERIO DO CAMPO SANTO - BA,SANTA CASA DE MISERICÓRDIA DA BAHIA,BA,15.153.745/0004-00
SCMBA -AÇÃO SOCIAL - CEI JURACY MAGALHÃES (INTERNATO NOSSA SENHORA DA MISERICORDIA) - BA,SANTA CASA DE MISERICÓRDIA DA BAHIA,BA,15.153.745/0006-72
SCMBA - ROSA GATTORNO INSTITUTO DE ENSINO SANTA CASA - IESC - BA,SANTA CASA DE MISERICÓRDIA DA BAHIA,BA,15.153.745/0008-34
SCMBA - UNIDADE ALVARO LEMOS - BA,SANTA CASA DE MISERICÓRDIA DA BAHIA,BA,15.153.745/0013-00
SCMBA - CENTRAL DE SUPRIMENTOS - BA,SANTA CASA DE MISERICÓRDIA DA BAHIA,BA,15.153.745/0014-82
SCMBA - CASA DE APOIO SOLANGE FRAGA - BA,SANTA CASA DE MISERICÓRDIA DA BAHIA,BA,15.153.745/0015-63
SCMBA - UNIDADE DE ACOLHIMENTO INFANTO JUVENIL - BA,SANTA CASA DE MISERICÓRDIA DA BAHIA,BA,15.153.745/0016-44
SCMBA - MUSEU DA MISERICORDIA - BA,SANTA CASA DE MISERICÓRDIA DA BAHIA,BA,15.153.745/0017-25
SCMBA - ESPAÇO AVANÇAR - BA,SANTA CASA DE MISERICÓRDIA DA BAHIA,BA,15.153.745/0018-06
SCMBA - CEI CORAÇÃO DE MARIA - BA,SANTA CASA DE MISERICÓRDIA DA BAHIA,BA,15.153.745/0019-97
SCMBA - CEI SÃO GERALDO - BA,SANTA CASA DE MISERICÓRDIA DA BAHIA,BA,15.153.745/0020-20
SCMBA - CEI CRISTO REDENTOR - BA,SANTA CASA DE MISERICÓRDIA DA BAHIA,BA,15.153.745/0021-01
SCMBA - CEI SÃO FRANCISCOV - BA,SANTA CASA DE MISERICÓRDIA DA BAHIA,BA,15.153.745/0022-92
SCMBA - HOSPITAL MUNICIPAL DE CATU - BA,SANTA CASA DE MISERICÓRDIA DA BAHIA,BA,15.153.745/0023-73
SCMBA - CEDEPE - BA,SANTA CASA DE MISERICÓRDIA DA BAHIA,BA,15.153.745/0024-54
SCMBA - CERIMONIAL RAINHA LEONOR - BA,SANTA CASA DE MISERICÓRDIA DA BAHIA,BA,15.153.745/0025-35
SCMBA - CEI NOSSA SENHORA DA MISERICÓRDIA  - BA,SANTA CASA DE MISERICÓRDIA DA BAHIA,BA,15.153.745/0026-16
SCMBA - POSTO DE COLETA HSI - BA,SANTA CASA DE MISERICÓRDIA DA BAHIA,BA,15.153.745/0028-88
INSTITUTO DE MEDICINA NUCLEAR LTDA - CE,INSTITUTO DE MEDICINA NUCLEAR,CE,07.192.776/0001-08
PREFEITURA DE TRÊS RIOS  - RJ,MUNICIPIO DE TRÊS RIOS ,RJ,29.138.377/0001-93
NOHC -  NÚCLEO DE ONCOLOGIA E HEMATOLOGIA DO CEARÁ - CE,NOHC. NÚCLEO DE ONCOLOGIA E HEMATOLOGIA DO CEARÁ,CE,14.475.163/0001-35
ONCOVIE-SERVIÇOS DE ONCOLOGIA HEMATOLOGIA E TERAPIA BIOLÓGICA LTDA.,ONCOVIE SERVIÇOS DE ONCOLOGIA HEMATOLOGIA E TERAPIA BIOLÓGICA LTDA,CE,16.799.123/0001-74
INOVASSO CLÍNICAS PARCEIRAS - CE,ASSOCIAÇÃO INOVASSO - CLÍNICAS PARCEIRAS,CE,36.262.636/0001-59
AZULSAT - GO,SIMSERV SISTEMA INTEGRADO DE MANUTENÇÃO E SERVIÇOS,GO,07.471.406/0001-00
SANTA MARIA - RS (TECLASER),SANTA MARIA LASER CENTER,RS,21.082.692/0001-34
FG - CLINICA DE ESPECIALIDADES MEDICAS LTDA - SP,FG - CLINICA DE ESPECIALIDADES MEDICAS LTDA,SP,15.799.911/0001-06
HOSPITAL DOM PEDRO ALCÂNTARA - BA,SANTA CASA DE MISERICORDIA,BA,13.227.038/0001-43
HOSPITAL REGIONAL SANTA RITA   AL,SOCIEDADE BENEFICENTE DE PALMEIRA DOS INDIOS,AL,12.509.238/0001-26
I.CORDIS - PE,INSTITUTO DE CARDIOLOGIA E GERIATRIA,PE,27.048.808/0001-03
CLÍNICA BOM VIVER,NÚCLEO DE SAÚDE E ASSISTÊNCIA HOSPITALAR LTDA,BA,00.536.674/0001-05
HOSPITAL ESTADUAL ALBERTO TORRES - RJ,INSTITUTO DOS LAGOS - RIO,RJ,07.813.739/0015-67
FARMÁCIA DROGAVISTA - RN,FARMÁCIA DROGAVISTA LTDA-EPP,RN,08.529.513/0001-04
GRUPO MEDDI - MULTI IMAGEM - BA,MULTI IMAGEM LTDA.,BA,01.126.692/0001-81
GRUPO MEDDI - IMAC - BA,IMAGEM MEDICA CAMACARI LTDA,BA,05.594.110/0001-42
CASA DE SAÚDE SANTA MÔNICA   RJ,CASA DE SAÚDE SANTA MÔNICA LTDA,RJ,31.146.863/0001-03
SERVHOST,SERVHOST INTERNET LTDA,PE,06.985.306/0001-20
SANTA CASA DE GOIÂNIA,SANTA CASA DE MISERICÓRDIA DE GOIÂNIA,GO,01.619.790/0001-50
BOS - SP (TECLASER),BANCO DE OLHOS DE SOROCABA,SP,50.795.566/0002-06
LICINTET - DF,Licinet - informativo das licitações ,DF,01.035.211/0001-22
EDINEY - AM,COMERCIO LTDA,AM,00.000.939/6592-39
PAMESA   PE,PAMESA DO BRASIL S/A,PE,03.428.529/0001-07
H OLHOS PAULISTA / CERPO - SP (TECLASER),CERPO CENTRO DE RECUPERAÇÃO DE PATOLOGIA,SP,52.945.193/0008-23
UNIMED BIRIGUI (COOPERATIVA)   SP,UNIMED DE BIRIGUI COOPERATIVA DO TRABALHO MÉDICO,SP,65.732.836/0001-26
RISKMED - RN,RISK MD MANAGEMENT GESTÃO DE CUSTOS ASSISTENCIAIS,RN,09.373.933/0001-07
VITORIA APART HOSPITAL - ES,VITORIA APART HOSPITAL S/A,ES,02.209.094/0001-39
ISGH - CE,INSTITUTO DE SAÚDE E GESTÃO HOSPITALAR,CE,05.268.526/0001-70
CONCORDE DISTRIBUIÇÃO - PR,CONCORDE DISTRIBUIÇÃO E LOGÍSTICA EIRELI,PR,04.247.793/0001-27
SADALLA GHANEM - SC (TECLASER),HOSPITAL DE OLHOS SADALLA AMIN GHANEM,SC,00.750.846/0001-49
UNIMED CENTRO OESTE - MG,UNIMED PARA DE MINAS COOPERATIVA DE TRAB MEDICO LTDA,MG,42.940.528/0002-71
MENTALPHARMA - BA,MENTALPHARMA LTDA,BA,28.629.898/0001-80
TECLASER - SP,ASSOC. NACIONAL DAS EMP. USUARIAS DE TEC. A LASER EM OFTALMO.,SP,06.154.080/0001-16
SYNERGIKA COMUNICACAO E GESTAO ORGANIZACIONAL LTDA,SYNERGIKA COMUNICACAO E GESTAO ORGANIZACIONAL LTDA,PE,21.930.311/0001-20
CLINICA TRATUS,CLINICA TRATUS SERVICOS MEDICOS LTDA,PE,25.116.535/0001-53
OPHTHAL - SP (TECLASER),OPHTHAL HOSPITAL ESPECIALIZADO,SP,69.115.442/0001-80
CALL VET,CALL VET CLÍNICA VETERINÁRIA E PET SHOP LTDA,SP,03.043.939/0001-21
HOSPITAL MARTAGÃO GESTEIRA,LIGA ALVARO BAHIA CONTRA A MORTALIDADE INFANTIL,BA,15.170.723/0001-06
INSTITUTO ESPERANÇA  - ES,Instituto Esperança ,ES,10.779.749/0002-13
LABORATÓRIO MARQUES PEREIRA LTDA - RS,Laboratório Marques Pereira LTDA,RS,92.853.951/0001-21
INTS - LUIS EDUARDO MAGALHÃES - BA,INTS -INSTITUTO NACIONAL DE TECNOLOGIA E SAÚDE,BA,11.344.038/0003-60
LABMASTER DIAGNOSTICO - RJ,POSTO DE COLETA SOUZA E COSTA,RJ,28.665.376/0001-34
RESTAURANTE ILHA DA KOSTA - PE,RESTAURANTE ILHA DA KOSTA LTDA - EPP ,PE,08.014.110/0001-14
CBBP,COMPANHIA BRASILEIRA DE BEBIDAS PREMIUM,PE,09.325.874/0002-74
HOSPITAL SANTA MARINA - MS,HOSPITAL SANTA MARINA LTDA,MS,10.632.937/0001-33
HOSPITAL BOM SAMARITANO - SP,HOSPITAL BOM SAMARITANO S/S LTDA,SP,03.897.847/0001-09
GRAMEG - ES,GRUPO DE ASSISTÊNCIA MÉDICA DA GLÓRIA,ES,32.428.211/0001-16
HOLHOS - MG,HOSPITAL BRASIL CENTRAL,MG,10.951.450/0001-13
HORP - SP (TECLASER),HOSPITAL DO OLHO DE RIO PRETO LTDA,SP,51.846.871/0001-63
HOSPITAL E MATERNIDADE SAO LUCAS - MT,HOSPITAL E MATERNIDADE SAO LUCAS PRIMAVERA LTDA - EPP,MT,20.424.706/0001-98
VITALE SAUDE - VARZEA PAULISTA - SP,ORGANIZACAO SOCIAL VITALE SAUDE,SP,44.690.238/0005-95
SAUDE E SUPORTE HOME CARE -AL,NUCLEO INTERDISCIPLINAR DE ASSISTENCIA DOMICILIAR,AL,03.279.655/0001­39
DROGARIA CHACON LTDA - ME,DROGARIA CHACON LTDA - ME,RN,08.132.714/0001-65
HOSPITAL MEMORIAL SÃO GABRIEL - PE,HOSPITAL MEMORIAL SÃO GABRIEL LTDA,PE,22.721.288/0001-26
HOSPITAL JOSÉ RAMOS NETO LTDA. - BA,Hospital José Ramos Neto Ltda.,BA,14.107.205/0001-85
HOSPITAL SÃO FRANCISCO DE PAULA - RS,HOSPITAL SÃO FRANCISCO DE PAULA,RS,96.554.829/0001-05
MÃE DE DEUS - HOSPITAL GIOVANNI BATTISTA - HGB,ASSOCIACAO EDUCADORA SAO CARLOS - AESC,RS,88.625.686/0038-49
MÃE DE DEUS - CENTRO DE ONCOLOGIA RADIOTERAPICA - COR,ASSOCIACAO EDUCADORA SAO CARLOS - AESC,RS,88.625.686/0005-80
PROGNÓSTICA - MS,CLÍNICA ONCONEO S/S ME,MS,06.119.327/0001-63
PRONTO SOCORRO SÃO FRANCISCO - PE,PRONTO SOCORRO SAO FRANCISCO LTDA,PE,11.351.301/0001-86
HOSPITAL EVANGÉLICO DE PERNAMBUCO   PE,ASSOCIAÇÃO EVANGÉLICA BENEFICENTE DE PERNAMBUCO,PE,10.859.817/0001-73
FARMÁCIA FARMANORTE - RN,FARMANORTE FARMACIA ZONA NORTE LTDA -ME,RN,12.754.107/0001-04
DROGARIA FARMARCELO LTDA - ME,DROGARIA FARMARCELO,RN,11.776.401/0001-54
HOSPITAL SANTA LUZIA   BA,FUNDAÇÃO COLOMBO SPÍNOLA,BA,15.175.839/0001-38
INSTITUTO DE OLHOS CLOVIS PAIVA - PE,CLINICA DE OLHOS DR CLOVIS DE AZEVEDO PAIVA LTDA - ME,PE,24.131.849/0001-62
FARMÁCIA SANTA CATARINA - RN,FARMÁCIA SANTA CATARINA LTDA-ME,RN,08.507.154/0001-86
CORPO CLÍNICA  - AC,Instituto de Cirurgia Rio Branco Eirele,AC,25.534.498/0001-01
PREFEITURA - SP,Prefeitura Municipal de Santa Cruz das Palmeiras,SP,46.371.654/0001-22
HOSPITAL SÃO VICENTE - PR,FUNDAÇÃO DE ESTUDOS DAS DOENÇAS DO FIGADO - KOUTOULAS -RIBEIRO,PR,81.190.449/0002-42
HOSPITAL SÃO VICENTE CIC - PR,FUNDAÇÃO DE ESTUDOS DAS DOENÇAS DO FIGADO - KOUTOULAS -RIBEIRO,PR,81.190.449/0004-04
HOSPITAL ERNESTO DORNELLES - RS,ASSOCIACAO DOS FUNCIONARIOS PUBLICOS DO ESTADO DO RIO GRANDE DO SUL,RS,92.741.016/0002-54
HOSPITAL VISÃO - PB (TECLASER),HOSPITAL VISÃO CENTRO PARAIBANO DE CLINICA E CIR,PB,12.646.171/0001-71
E-VAL COMERCIO E SERVICOS DE INFORMATICA EM SAUDE LTDA.,E-VAL COMERCIO E SERVICOS DE INFORMATICA EM SAUDE LTDA.,SP,20.231.241/0001-59
CLINICA CIRURGICA E ONCOLOGICA DA PENHA - RJ,CLINICA CIRURGICA E ONCOLOGICA DA PENHA,RJ,22.400.856/0001-97
CLÍNICA GURI - AL,S/S GURI-GRUPO DE URGÊNCIA E RECUPERAÇÃO INFANTIL LTDA.,AL,12.181.962/0001-73
GRUPO GERIATRICS,RICARDO RODRIG E MARENIZIA B S RODRIG CONSULTORIOS,RJ,29.366.549/0002-67
RESTAURANTE MANHATTAN CAFÉ,F. DELLA SANTA - ME,PE,09.675.700/0001-50
MERIDIONAL - MATERNIDADE SANTA URSULA - ES,MATERNIDADE SANTA URSULA DE VITORIA LTDA,ES,27.434.992/0001-11
CLINICA DE ONCOLOGIA E MASTOLOGIA DE NATAL - RN,CLINICA DE ONCOLOGIA E MASTOLOGIA DE NATAL LTDA,RN,10.730.521/0001-58
ROYAL CARE ASSISTENCIA MEDICA - ES,ROYAL CARE ASSISTENCIA MEDICA LTDA,ES,27.191.792/0001-85
ROYAL CARE - HOSPITAL SÃO JOSE DOS CAMPOS,HOSPITAL ROYAL CARE SAO JOSE DOS CAMPOS S/A,SP,23.723.832/0001-31
VITALE SAÚDE - SÃO JOÃO DA BOA VISTA - SP,ORGANIZACAO SOCIAL VITALE SAUDE,SP,44.690.238/0002-42
VITALE SAUDE - MOGI DAS CRUZES - SP,ORGANIZACAO SOCIAL VITALE SAUDE,SP,44.690.238/0008-38
HOSPITAL SÃO LUCAS TEIXEIRA DE FREITAS- BA,Roessler Queiroz Centro Médico LTDA,BA,16.412.231/0001-42
POLEN MANIPULACAO DE FORMULAS  - BA,JORGE GERALDO ALMEIDA DE LIMA - ME,BA,25.307.761/0001-11
HOME CARE CENE - SP,HOME CARE CENE HOSPITALLAR LTDA,SP,02.643.405/0001-73
HOME CARE NORDESTE LTDA - CE,HOME CARE NORDESTE LTDA,CE,14.102.791/0001-75
UNIMED CAMPINAS - PAUC,UNIMED CAMPINAS COOPERATIVA DE TRABALHO MEDICO,SP,46.124.624/0025-99
UNIMED CAMPINAS - NAIS ,UNIMED CAMPINAS COOPERATIVA DE TRABALHO MEDICO,SP,46.124.624/0024-08
DUAILIBE ODONTO CLÍNICAS - CE,F Karla Duailibe Odontologia,CE,28.037.487/0001-04
NUCLEO AVANÇADO IPATINGA - MG (TECLASER),NUCLEO AVANÇADO DE OFTALMOLOGIA,MG,03.002.621/0002-83
FLAVIO GALVAO E M LUCIA MATTOS MED ASSOC CARDIOGRAPH,FLAVIO GALVAO & CIA LTDA,BA,02.203.863/0001-91
FUNDACAO OTILIA CORREIA SARAIVA,FUNDACAO OTILIA CORREIA SARAIVA,CE,41.343.187/0001-03
HOSPITAL DO CORAÇÃO DO CARIRI - CE,FUNDACAO OTILIA CORREIA SARAIVA,CE,41.343.187/0003-75
HOSPITAL SANTO ANTÔNIO - CE,FUNDACAO OTILIA CORREIA SARAIVA,CE,41.343.187/0004-56
FORTAL SURF - CE,SUPER SURF IND E COM DE CONF LTDA,CE,17.712.671/0001-88
SANTA CASA DE MISERICÓRDIA DE VITÓRIA- ES,IRMANDADE DA SANTA CASA DE MISERICORDIA DE VITORIA,ES,28.141.190/0001-86
CLÍNICA SANTA HELENA LTDA   PE,SANTA HELENA,PE,10.930.451/0001-81
ACONCHEGO CARIOCA - RJ,FLOR DO AGRESTE BAR E RESTAURANTE,RJ,19.174.253/0001-00
PSH   BA,PSH-PRODUTOS E SERVICOS HOSPITALARES LTDA,BA,03.008.929/0001-55
COTEF   BA,CLÍNICA ORTOPEDICO TRAUMATOLÓGICA E FISIOTERAPICA,BA,14.614.234/0001-33
INST. DE OLHOS DR.EDUARDO PAULINO - SP,CLINICA REFRAKTUM LTDA,SP,55.678.577/0001-49
MEDICAL HOSPITAL DIA - PB,INSTITUTO DE NEUROLOGIA E NEUROCIRURGIA DA PARAIBA LTDA,PB,03.057.240/0001-10
FARMAC - SE, FARMAC PRODUTOS HOSPITALARES E LABORATORIAIS LTDA-1 ,SE,32.838.716/0001-59
CLINICA NVO NASCER - PE,CLÍNICA TERAPEUTICA NOVO NASCER LTDA ME,PE,11.565.220/0001-89
CERÂMICA PORTO RICO   PE,CERÂMICA PORTO RICO LTDA.,PE,70.237.185/0001-38
HOSPITAL EMEC- BA,EMEC EMPREENDIMENTOS MEDICO CIRURGICOS LTDA,BA,14.074.546/0001-00
HOSPITAL E CLÍNICA SÃO GONÇALO ,CLÍNICA SÃO GONÇALO LTDA,RJ,31.671.480/0001-46
HOSPITAL ICARAÍ,CLÍNICA SÃO GONÇALO LTDA,RJ,31.671.480/0003-08
MERE NUNES - RJ,CLINICA SÃO GONÇALO,RJ,00.099.929/5707-72
MERE NUNES - RJ,CLINICA SÃO GONÇALO,RJ,00.099.929/5707-72
FUNDO MUNICIPAL DE SAÚDE GRAVATÁ - PE,FUNDO MUNICIPAL DE SAÚDE GRAVATÁ,PE,01.071.022/0001-10
FUNDO MUNICIPAL DE SAÚDE GRAVATÁ - PE,FUNDO MUNICIPAL DE SAÚDE GRAVATÁ,PE,10.710.822/0001-10
HOSPITAL SÃO SEBASTIÃO,CASA DE SAÚDE E MATERNIDADE SÃO SEBASTIÃO,PE,09.930.330/0001-50
VIVA PLANOS DE SAÚDE   PE,VIVA PLANOS DE SAÚDE LTDA,PE,04.171.205/0001-90
ONCO HEMATOS,ONCO HEMATOS LTDA,SE,03.091.003/0001-76
UNIMED JOÃO PESSOA - PB,UNIMED JOÃO PESSOA COOPERATIVA DE TRABALHOS MÉDICOS,PB,08.680.639/0006-81
CARIOCARE - RJ,ERBISTE SERVIÇOS E APOIO E GESTÃO A SAÚDE - ME,RJ,31.039.292/0001-08
FARMAFORMULA SÃOLUIS - MA,TOP PHARMA LTDA ME,MA,23.148.207/0001-03
FARMÁCIA NS DE GUADALUPE - RN,A I DE MACEDO-ME,RN,10.701.225/0001-29
PRONEP   RIO DE JANEIRO,PRONEP LAR - INTERNAÇÃO DOMICILIAR LTDA,RJ,00.092.929/0001-98
PRONEP VITÓRIA - ES,VITORIA MEDICINA DOMILICIAR LTDA,ES,10.833.600/0001-94
HOSPITAL DO TRICENTENARIO   PE,HOSPITAL DO TRICENTENARIO,PE,10.583.920/0001-33
HOSPITAL ANTÔNIO TARGINO   PB,HOSPITAL ANTÔNIO TARGINO LTDA,PB,08.834.137/0001-53
HOSPITAL MODELO MEDICWARE,HOSPITAL MODELO MEDICWARE,BA,00.364.578/0001-27
VIDON & CASTRO ADVOGADOS ASSOCIADOS,VIDON & CASTRO ADVOGADOS ASSOCIADOS,PE,21.216.498/0001-02
HBCORP,HBCORP TECNOLOGIA LTDA,PE,15.714.703/0001-59
INSTITUTO MADRE TERESA DE APOIO A VIDA - IMTAVI,INSTITUTO MADRE TERESA DE APOIO A VIDA,CE,06.272.659/0001-83
HIPER CARNES - ES, HIPER CARNES COMERCIAL LTDA,ES,13.727.071/0001-32
CENTRO HOSPITALAR JOÃO XXIII   PB,SISTEMA DE ASSISTENCIA SOCIAL E DE SAÚDE - SAS,PB,07.678.950/0001-19
HOSPITAL JESUS PEQUENINO - PE - OLD,INSTITUTO ALCIDES D ANDRADE LIMA,PE,10.072.296/0005-XX
HOSPITAL JESUS PEQUENINO - PE,INSTITUTO ALCIDES D ANDRADE LIMA,PE,10.072.296/0005-33
IMIP - HOSPITAL MIGUEL ARRAES  PE,FUNDAÇÃO PROF. MARTINIANO FERNANDES – IMIP HOSPITA,PE,09.039.744/0002-75
MATERNIDADE SANTA JOANA E PROMATRE   SP,HOSPITAL E MATERNIDADE SANTA JOANA S/A,SP,60.678.604/0001-13
PRO MATRE PAULISTA FILIAL   SP,PRO MATRE - HOSPITAL E MATERNIDADE SANTA JOANA S/A,SP,60.678.604/0002-02
HOSP OLHOS VALE PARAIBA - SP (TECLASER),EXCIMER LASER VALE DO PARAIBA,SP,04.291.010/0001-84
HOF - HOSPITAL DE OLHOS DE FLORIANOPOLIS (TECLASER),CENTRO INTEGRADO DE OFTALMOLOGIA LTDA,SC,02.145.908/0001-19
HOFTALMAR - PR (TECLASER),HOFTALMAR – HOSPITAL DE OLHOS LTDA,PR,80.899.834/0001-10
HO LONDRINA,CLINICA DE OLHOS VAN DEN BERG,PR,13.989.912/0001-80
HOPE   HOSPITAL DE OLHOS DE PERNAMBUCO LTDA   PE,HOPE - HOSPITAL DE OLHOS DE PERNAMBUCO LTDA,PE,09.464.629/0001-67
CASA DE SAÚDE NOSSA SENHORA DE FÁTIMA   PI,CASA DE SAÚDE E MATERNIDADE NOSSA SENHORA DE FÁTIM,PI,06.701.254/0001-13
HOSPITAL INFANTIL VARELA SANTIAGO,INSTITUTO DE PROTEÇÃO E ASSIST À INFÂNCIA DO RN,RN,08.337.586/0001-96
HOSPITAL INFANTIL PALMIRA SALES   PE,HOSPITAL INFANTIL PALMIRA SALES,PE,10.241.503/0001-02
HOSPITAL SÃO PAULO - SP,SOCIEDADE DE MISERICÓRDIA DE RINÓPOLIS,SP,56.350.564/0001-09
HOSPITAL PSIQUIÁTRICO DE MARINGÁ - PR,SANATÓRIO MARINGÁ,PR,79.129.110/0001-08
HOSPITAL NOSSA SENHORA DO BOM CONSELHO – ARAPIRACA,SOCIEDADE BENEFICENTE NOSSA SRA. DO BOM CONSELHO,AL,24.177.305/0001-31
HOSPITAL SAINT PETER,MEJI ASSISTÊNCIA MÉDICA LTDA,SP,05.555.316/0001-63
COMPESA   PE,COMPANHIA PERNAMBUCANA DE SANEAMENTO,PE,09.769.035/0001-64
IDECO SÃO CARLOS - SP (TECLASER),IDECO INSTITUTO DE DIAGNÓSTICO ESPECIALIZADO,SP,10.883.782/0001-08
UNIONCO - PE,UNIDADE DE CIRURGIA E ONCOLOGIA LTDA,PE,41.090.440/0001-64
IHOBA   BA,INSTITUTO DE HEMATOLOGIA E ONCOLOGIA DA BAHIA,BA,04.054.849/0001-07
CLINICA VIA MEDICA IMAGEM - CE,clinica multimagem maracanau ltda,CE,14.442.831/0001-28
CLIM HOSPITAL E MATERNIDADE,CLIM HOSPITAL E MATERNIDADE,PB,41.226.432/0001-00
HOSPITAL NEUROLÓGICO DE GOIANIA   GO,INSTITUTO DE NEUROLOGIA DE GOIANIA LTDA,GO,01.011.865/0001-16
INQUE - INSTITUTO NEFROLÓGICO DE QUEIMADOS - RJ,INQUE - INSTITUTO NEFROLOGICO DE QUEIMADOS LTDA,RJ,08.407.606/0001-58
INSTITUTO DE SAUDE SANTA CLARA - PR,INSTITUTO DE SAUDE SANTA CLARA,PR,08.325.231/0001-87
INSTITUTO DE SAUDE SANTA CLARA  - RONCADOR - PR,INSTITUTO DE SAUDE SANTA CLARA,PR,08.325.231/0002-68
INSTITUTO DE SAUDE SANTA CLARA - MIRACATU - SP,INSTITUTO DE SAUDE SANTA CLARA,SP,08.325.231/0004-20
INSTITUTO DE OFTALMOLOGIA DE CURITIBA LTDA,INSTITUTO DE OFTALMOLOGIA DE CURITIBA LTDA,PR,72.443.153/0001-14
ISMP - UPAE OURICOURI -PE,INSTITUTO SOCIAL DAS MEDIANEIRAS DA PAZ,PE,10.739.225/0017-85
HOSPITAL SÃO VICENTE - PE,CASA DE SAUDE E MATERNIDADE SAO VICENTE LTDA,PE,10.280.543/0001-63
ISMP - HOSPITAL E MATERNIDADE SANTA MARIA - PE,INSTITUTO SOCIAL DAS MEDIANEIRAS DA PAZ,PE,10.739.225/0010-09
HOLISTE PISIQUIATRIA,HOLISTE PISIQUIATRIA LTDA,BA,03.124.002/0001-80
ONCO CLÍNICA   RECIFE,ONCO CLÍNICA LTDA,PE,02.018.718/0001-30
ONCOCLINICA   COPACABANA,ONCOCLINICA CENTRO DE TRATAMENTO ONCOLÓGICO LTDA,RJ,72.101.124/0001-74
ONCOCLINICA   BARRA DA TIJUCA,ONCOCLINICA CENTRO DE TRATAMENTO ONCOLÓGICO LTDA,RJ,72.101.124/0003-36
CENTRO OFTALMO RIO VERDE - GO,CLINICA OFTALMOLOGICA SANTA BARBARA S/S LTDA,GO,21.931.827/0001-99
UPAE OURICURI,IRMANDADE DA STA CASA DE MISERIC. DO RECIFE,PE,10.869.782/0013-97
DROGARIA BARBARA,DROGARIA BARBARA LTDA,RN,10.621.422/0001-38
JFG AUDITORES E CONSULTORES,JFG AUDITORES E CONSULTORES S/S,PE,10.449.384/0001-88
JM CARE HOSPITALAR  - RJ,JM CARE ASSISTENCIA HOPITALAR ERELI ,RJ,34.058.945/0001-XX
JM CARE HOSPITALAR - RJ,JM CARE ASSISTENCIA HOSPITALAR EIRELI,RJ,34.058.945/0001-86
CENTRO HOSPITALAR DR. JOSÉ EVOIDE DE MOURA - PE,J Moura Soares LTDA,PE,11.469.145/0001-52
SECRETARIA ESTADUAL DE SAÚDE - PE,SES,PE,10.572.048/0001-28
HOSPITAL HUMANITÉ - AL,HUMANITE COMPLEXO MEDICO HOSPITALAR LTDA ,AL,27.108.051/0001-98
RESTAURANTE CHICA PITANGA - PE,JAMP RESTAURANTE LTDA - EPP,PE,70.091.657/0001-97
METAMBIENTAL - PE,J.A. DA COSTA EVENTOS ME,PE,16.754.569/0001-82
METAMBIENTAL - PE,J.A. DA COSTA EVENTOS ME,PE,16.754.569/0001-82
METAMBIENTAL - PE,J.A. DA COSTA EVENTOS ME,PE,16.754.569/0001-82
VISIONLASER FORTALEZA - CE (TECLASER),VISION LASER SS LTDA,CE,00.729.149/0001-40
AESC - CAPS AD III 24H NOROESTE/HUMAITA/NAVEGANTES/IL - RS,ASSOCIACAO EDUCADORA SAO CARLOS - AESC,RS,88.625.686/0050-35
AESC - CAPS AD III 24H PARTENON LOMBA DO PINHEIRO - RS,ASSOCIACAO EDUCADORA SAO CARLOS - AESC,RS,88.625.686/0048-10
AESC - CAPS AD IV 24H CENTRO - RS,ASSOCIACAO EDUCADORA SAO CARLOS - AESC,RS,88.625.686/0049-00
FARMAVALE,JOSELIO DE OLIVEIRA PEIXOTO - ME ,RN,10.630.236/0001-65
CLINICA DE OLHOS DE JABOATAO,MARTINS E ALVES OFTALMOLOGIA LTDA,PE,28.540.082/0001-86
RESTAURANTE MACUNAIMA / NIRAI  - PE,RESTAURANTE E CHOPARIA MACUNAIMA LTDA - EPP ,PE,08.097.305/0001-75
CÍRCULO HOSPITAL - RS,CÍRCULO OPERÁRIO CAXIENSE,RS,88.645.403/0013-72
CÍRCULO OPERADORA - RS,CÍRCULO OPERÁRIO CAXIENSE,RS,88.645.403/0001-39
CÍRCULO RADIOLOGIA - RS,CÍRCULO OPERÁRIO CAXIENSE,RS,88.645.403/0024-25
CÍRCULO LABORATÓRIO - RS,CÍRCULO OPERÁRIO CAXIENSE,RS,88.645.403/0005-62
HOSPITAL SAMARITANO DE GOIANIA - GO, HOSPITAL SAMARITANO DE GOIANIA LTDA,GO,01.552.942/0001-45
EQS ENGENHARIA - SC,EQS ENGENHARIA S.A.,SC,80.464.753/0001-97
HOSPITAL SÃO LUCAS - BA,SOCIEDADE BENEFICIENTE E AMPARO SOCIAL DE POCOES,BA,13.908.231/0001-40
RH3 SOFTWARE,SEQUENCE INFORMATICA LTDA,PE,03.613.658/0001-67
HOSPITAL SANTA GENOVEVA,CLÍNICAS SANTA GENOVEVA S/S LTDA,GO,01.565.209/0001-65
HOSPITAL DAHER LAGO SUL - DF,HOSPITAL LAGO SUL S/A,DF,00.382.069/0001-27
TESTE - AC,TESTE,AC,58.981.376/0001-04
CLINEPA CENTRO HOSPITALAR,CLINEPA CENTRO HOSPITALAR LTDA,PB,29.883.981/0001-44
LAB LABORATÓRIO DE ANÁLISES BIOMÉDICAS  - PE,J F NASCIMENTO LABORATÓRIO - ME,PE,35.623.891/0001-17
LABORATORIO  - MS,PREFEITURA MUNICIPAL,MS,03.155.934/0001-90
UPA VILA VELHA - CE,FUNDACAO LEANDRO BEZERRA DE MENEZES,CE,06.746.713/0005-09
HOSPITAL TRAUMATO ORTOPEDIA   HTO   GO,CLÍNICA SANTA PAULA LTDA,GO,01.540.335/0001-65
ONCO CANE VETERINARIA LTDA - EPP  - SP,ONCO CANE VETERINARIA LTDA - EPP ,SP,15.217.814/0001-50
F. GENES SAUDE AMBIENTAL,F. GENES & CIA. LTDA.,PE,10.858.157/0001-06
LEONARDO SILVA - PB,SEBASTIÃO,PB,00.001.120/6994-03
HOSPITAL ANTÔNIO PRUDENTE (HAPVIDA) - CE,HOSPITAL ANTÔNIO PRUDENTE LTDA,CE,05.874.946/0001-09
HOSPITAL OLHOS CAMPINA GRANDE - PB (TECLASER),HOSPITAL DE OLHOS DE CAMPINA GRANDE S/S LTDA,PB,41.210.014/0001-17
CONFIARE SAUDE ASSISTENCIA DOMICILIAR - PE,CONFIARE SAUDE ASSISTENCIA DOMICILIAR LTDA ,PE,09.625.647/0002-64
SANTA CASA DE MISERICORDIA DE MACEIO - AL,SANTA CASA DE MISERICORDIA DE MACEIO,AL,12.307.187/0001-50
IMIP - UPA-E GOIANA - PE,INST. DE MED. INTEGRAL PROFESSOR FERNANDO FIGUEIRA,PE,09.039.744/0001-94
HOSPITAL DE FRATURAS,CLÍNICA DE FRATURAS E REABILITAÇÃO,PE,10.797.579/0001-19
HOGAR – RJ,HOGAR GERENCIAMENTO DE CUIDADOS EM SAUDE LTDA,RJ,30.184.878/0002-76
DROGARIA DIAS - RN,JOAO GERALDO DA SILVA NETO-ME,RN,24.514.556/0001-64
CENSO - PA,CENSO CENTRO DE SAÚDE OCUPACIONAL,PA,34.854.620/0001-00
UNIMED RIO   RJ BARRA DA TIJUCA   RJ,UNIMED RIO EMPREENDIMENTOS MEDICOS E HOSP LTDA,RJ,09.219.138/0002-31
MATERNIDADE SANTA EMILIA - BA,AMIGO ASSIST MED INT DE GINECOLOGIA E OBSTETRICIA LTDA,BA,16.440.299/0001-35
HOSPITAL ARMINDO MOURA - PE,UNIÃO BENEFICENTE DOS TRABALHADORES DO MORENO,PE,11.683.042/0001-90
HOSP OLHOS JUIZ DE FORA - MG (TECLASER),CLINICA DE OLHOS DR. ANTONIO GABRIEL LTDA,MG,26.123.091/0001-46
FUABC - COMPLEXO HOSP MUNIC. S. CAETANO DO SUL  SP,FUNDAÇÃO DO ABC - COMP. HOSP MUNIC.S. CAETANO DO SUL,SP,57.571.275/0014-17
NORTH PARK - SP,LUCIO UEDA ME,SP,07.727.721/0001-47
HOSPITAL NOSSA SENHORA DAS GRAÇAS,IRMANDADE DE NOSSA SENHORA DAS GRAÇAS,MG,24.993.560/0001-52
VILA VELHA HOSPITAL - ES,CENTRO MEDICO HOSPITALAR DE VILA VELHA S/A,ES,00.410.817/0001-38
PET CARE ONCO - SP,PET ONCO CENTER COMERCIO E SERVICOS LTDA,SP,23.436.614/0001-16
PET CARE IBIRAPUERA - SP,PET CARE 270 LTDA,SP,17.787.322/0001-25
VIDA A VIDA - AL,cemeal central medica de emergencias de alagoas,AL,17.801.608/0001-18
MM FRIOS - RN,medeiros e medeiros distribuidora,RN,19.923.475/0001-88
FUABC - INSTITUTO DE INFECTOLOGIA EMILIO RIBAS II  SP,FUNDAÇÃO DO ABC,SP,57.571.275/0018-40
AGUIA,AGUIA SERVICOS DE VIGILANCIA LTDA,PE,11.516.861/0001-43
IMIP   PE,INST. DE MED. INTEGRAL PROFESSOR FERNANDO FIGUEIRA,PE,10.988.301/0001-29
IMIP - UPA OLINDA   PE,FUNDAÇÃO PROF. MARTINIANO FERNANDES – IMIP HOSPITA,PE,09.039.744/0003-56
IMIP - UPA IGARASSU   PE,FUNDAÇÃO PROF. MARTINIANO FERNANDES – IMIP HOSPÍTA,PE,09.039.744/0004-37
IMIP - UPA PAULISTA   PE,FUNDAÇÃO PROF. MARTINIANO FERNANDES – IMIP,PE,09.039.744/0005-18
IMIP - UPA SÃO LOURENÇO   PE,FUNDAÇÃO PROF. MARTINIANO FERNANDES – IMIP HOSPÍTA,PE,09.039.744/0006-07
IMIP - UPA CABO   PE,FUNDAÇÃO PROF. MARTINIANO FERNANDES – IMIP HOSPÍTA,PE,09.039.744/0012-47
IMIP - UPA BARRA DE JANGADA   PE,FUNDAÇÃO PROF. MARTINIANO FERNANDES – IMIP HOSPÍTA,PE,09.039.744/0009-41
IMIP - UPA CARUARU   PE,FUNDAÇÃO PROF. MARTINIANO FERNANDES – IMIP HOSPÍTA,PE,09.039.744/0011-66
IMIP - UPA ENGENHO VELHO   PE,FUNDAÇÃO PROF. MARTINIANO FERNANDES – IMIP HOSPÍTA,PE,09.039.744/0010-85
IMIP - UPAE SALGUEIRO  PE,FUNDAÇÃO PROFESSOR MARTINIANO FERNANDES,PE,09.039.744/0015-90
CENTRAL DE COMPRAS IMIP PARA FILIAIS DA REGIÃO METROPOLITANA,INST. DE MED. INTEGRAL PROFESSOR FERNANDO FIGUEIRA,PE,57.971.806/0001-44
CENTRAL DE COMPRAS IMIP PARA FILIAIS DO INTERIO,INST. DE MED. INTEGRAL PROFESSOR FERNANDO FIGUEIRA,PE,16.347.062/0001-04
DROGARIA TANCREDO NEVES - RN,DROGARIA AIRES LTDA-ME,RN,12.980.819/0001-41
LINKSIS - MG,WM SISTEMAS E SOLUÇÕES EMPRESARIAIS,MG,29.983.570/0001-20
COMG - CENTRO OFTALMOLOGICO DE MINAS GERAIS,CENTRO OFTALMOLOGICO DE MINAS GERAIS SA,MG,17.357.641/0001-09
FMSA - HOSPITAL INFANTIL MARIA LUCINDA   PE,FUNDAÇÃO MANOEL DA SILVA ALMEIDA,PE,09.767.633/0001-02
CICATRIZA - PB,PRONTO SOCORRO DE FRATURAS DO RECIFE LTDA - EPP,PB,14.077.926/0001-90
HOSPITAL VITA CURITIBA - PR,SMA-EMPREENDIMENTOS E PARTICIPACOES S.A.,PR,00.694.303/0001-51
RETINAPRO CONSULTORIA EM DOENCAS E CIRURGIAS DA RETINA LTDA,RETINAPRO CONSULTORIA,PA,15.797.455/0001-57
MWA SERVICOS DE INFORMATICA LTDA,MWA SERVICOS DE INFORMATICA LTDA,PE,11.969.080/0001-04
HOSPITAL DO CORAÇÃO ANIS RASSI - GO,HOSPITAL DO CORAÇÃO ANIS RASSI LTDA,GO,01.145.407/0001-70
HEMO-ONCO - RN,HEMO-ONCO SERVIÇOS DE HEMATOLOGIA E ONCOLOGIA S/S LTDA,RN,09.019.220/0001-31
FUABC - COMPLEXO HOSP S. BERNARDO DO CAMPO - CHSBC  SP,FUNDAÇÃO DO ABC - CHSBC,SP,57.571.275/0017-60
ORTOPED   CLÍNICA DE FRATURAS   BA,CLÍNICA DE FRATURAS S/C LTDA,BA,33.967.407/0001-41
SPDM - HOSPITAL ESTADUAL DE DIADEMA - SP,SPDM - ASSOCIACAO PAULISTA PARA O DESENVOLVIMENTO DA MEDICINA,SP,61.699.567/0005-16
MEMORIAL HOSPITAL DE GOIANA - PE,MEMORIAL HOSPITAL DE GOIANA LTDA,PE,12.903.605/0001-71
ALMEK CENTER - RJ,ALMEK CENTER,RJ,12.841.784/0001-19
RESTAURANTE HIBISCUS,HIBISCUS EMPREENDIMENTOS TURISTICOS LTDA - EPP,AL,18.311.885/0001-05
RESTAURANTE MAR E CIA,ARAUJO E ALVAREZ EMPREENDIMENTOS TURISTICOS LTDA - EPP,AL,14.488.805/0001-30
DIVINA PROVIDÊNCIA - HOSPITAL DIVINA PROVIDENCIA - RS,SOCIEDADE SULINA DIVINA PROVIDENCIA,RS,87.317.764/0010-84
DIVINA PROVIDÊNCIA - HOSPITAL INDEPENDENCIA - RS,SOCIEDADE SULINA DIVINA PROVIDENCIA,RS,87.317.764/0006-06
DIVINA PROVIDÊNCIA - HOSPITAL SANTA ISABEL - RS,SOCIEDADE SULINA DIVINA PROVIDENCIA,RS,87.317.764/0007-89
DIVINA PROVIDÊNCIA - HOSPITAL ESTRELA - RS,SOCIEDADE SULINA DIVINA PROVIDENCIA,RS,87.317.764/0011-65
DIVINA PROVIDÊNCIA - HOSPITAL SAO JOSE - RS,SOCIEDADE SULINA DIVINA PROVIDENCIA,RS,87.317.764/0002-74
FARMÁCIA POPFARMA - RN,C W DE OLIVEIRA DIAS-ME,RN,15.139.350/0001-00
MAFMED MATERIAIS HOSPITALARES,MARCELO A M MINGATI MATERIAIS HOSPITALARES,PE,19.949.337/0001-78
MEDRADIUS - AL,MEDRADIUS - CLINICA DE MEDICINA NUCLEAR E RADIOLOGIA DE MACEIO S/S LTDA.,AL,03.866.223/0001-24
OLD - NO LAR HOME CARE - RJ,NO LAR HOME CARE ASSISTENCIA MEDICA LTDA,RJ,33.384.145/0001-XX
NO LAR HOME CARE - RJ,NO LAR HOME CARE ASSITENCIA MEDICA EIRELI,RJ,33.384.145/0001-92
SANTA CASA DE MISERICÓRDIA DE ITABUNA   BA,SANTA CASA DE MISERICÓRDIA DE ITABUNA - BA,BA,14.349.740/0001-42
HOSPITAL FLAVIO RIBEIRO COUTINHO  - PB,Fundação Governador Flavio Ribeiro Coutinho,PB,09.433.715/0001-02
TECSAUDE ENGENHARIA HOSPITALAR,SL ENGENHARIA HOSPITALAR LTDA,PE,03.480.539/0001-83
AESC - HOSPITAL SANTA ANA - RS,ASSOCIAÇÃO EDUCADORA SÃO CARLOS,RS,88.625.686/0007-42
PRONTO ATENDIMENTO FARROUPILHA   CAXIAS,UNIMED NORDESTE RS SOCIEDADE COOP DE SERV MED LTDA,RS,87.827.689/0009-68
CENTRO DE DIAGNÓSTICO ANA ROSA - SP,CLÍNICA MÉDICA ANA ROSA S/S LTDA,SP,44.055.259/0001-05
HOSPITAL SÃO VICENTE DE PAULO - CE,HOSPITAL MATERNIDADE SAO VICENTE DE PAULO,CE,03.284.505/0001-13
ODONTO LAB CLINICA ODONTOLOGICA LTDA. - RJ,ODONTO LAB CLINICA ODONTOLOGICA LETDA.,RJ,04.974.659/0001-08
OFTALMOS - PE,CLINICA MONTE SILVA LTDA ME,PE,17.894.128/0003-00
ONCOL - PB,CLÍNICA DE ONCOLOGIA DE CAMPINA GRANDE EIRELI,PB,04.392.985/0001-07
OFICINA MICRO INTERNET,GERALDO FREIRE DA SILVA JUNIOR,PE,27.703.250/0001-44
ORTOCENTRO - PE,PRONTO SOCORRO DE FRATURAS DO RECIFE LTDA - EPP,PE,09.001.819/0001-48
OLD - HOLISTE PISIQUIATRIA - BA,HOLISTE PISIQUIATRIA,BA,03.124.002/0001-8X
OLD - HOLISTE PISIQUIATRIA - BA,HOLISTE PISIQUIATRIA,BA,03.124.002/0001-8X
RAVEW - SP,RAVEW TELECOM,SP,07.911.535/0001-63
ANDRO HOSPITAL UROLÓGICO - BA,ANDRO INSTITUTO DE ANDROLOGIA LTDA,BA,63.181.838/0001-49
FUABC - PRONTO ATENDIMENTO SÃO MATEUS  SP,FUNDAÇÃO DO ABC,SP,57.571.275/0001-00
SCMSP - SANTA CASA DE MISERICORDIA DE SAO PAULO - SP,IRMANDADE DA SANTA CASA DE MISERICORDIA DE SAO PAULO,SP,62.779.145/0001-90
SCMSP - HOSPITAL SAO LUIZ GONZAGA - SP,IRMANDADE DA SANTA CASA DE MISERICORDIA DE SAO PAULO,SP,62.779.145/0002-70
VIVERE SAUDE FILIAL - ES,ESPACO VIVERE SAUDE LTDA,ES,26.184.295/0002-78
HOSPITAL DOS OLHOS DOURADOS - MS,HOSPITAL DOS OLHOS DOURADOS LTDA,MS,08.692.978/0001-73
HOSPITAL ESPANHOL   BA,REAL SOCIEDADE ESPANHOLA DE BENEFICIÊNCIA,BA,15.113.103/0001-35
HOSPITAL UNIMED CARUARU - PE,UNIMED CARUARU COOPERATIVA DE TRABALHO MEDICO,PE,24.449.225/0002-79
CENTRAL DE COMPRAS,CENTRAL DE COMPRAS,BA,15.194.004/0001-25
AEROPORTO 1,AEROPORTO 1,BA,15.194.004/0001-25
AEROPORTO 4,AEROPORTO 4,BA,11.111.111/1111-11
FJS - SANTA CASA DE MISERICÓRDIA SÃO JUDAS TADEU,FUNDAÇÃO JOSÉ SILVEIRA,BA,88.888.888/8888-88
AEROPORTO 2,AEROPORTO 2,BA,99.999.999/9999-99
AEROPORTO 6,AEROPORTO 6,BA,10.000.000/0000-00
AEROPORTO 5,AEROPORTO 5,BA,10.101.010/1010-10
AEROPORTO 3,AEROPORTO 3,BA,15.194.000/0000-00
AEROPORTO 7,AEROPORTO 7,BA,15.194.000/0000-01
RESTAURANTE TAPA DE CUADRIL  - PE,B & G COMERCIO DE ALIMENTOS E BEBIDAS EIRELI - ME,PE,05.799.806/0001-05
HOSPITAL JORGE DE MEDEIROS - PE,PRONTO SOCORRO INFANTIL JORGE DE MEDEIROS LTDA,PE,10.781.490/0001-64
FAV  FUNDAÇÃO ALTINO VENTURA   PE,FUNDAÇÃO ALTINO VENTURA,PE,10.667.814/0001-38
HOSPITAL MESTRE VITALINO,FUNDAÇÃO ALTINO VENTURA,PE,74.988.100/0000-00
UPA E CARUARU,FUNDAÇÃO ALTINO VENTURA,PE,10.667.814/0009-95
IMIP - HOSPITAL PROVISÓRIO RECIFE – UNIDADE COELHOS PE,FUNDAÇÃO PROFESSOR MARTINIANO FERNANDES - IMIP,PE,09.039.744/0001-XX
R D SAUDE,RIBEIRO DIAS & COSTA LTDA,PE,27.764.649/0001-35
SECRETARIA DE SAUDE DE PRIMAVERA DO LESTE - MT,PREFEITURA MUNCIPAL DE PRIMAVERA DO LESTE,MT,01.974.088/0001-05
RESTAURANTE LACUISINE EVENTOS - PE,LACUISINE EVENTOS LTDA,PE,11.376.385/0001-02
MARIBONDO GAB PREFEITO   AL,PREFEITURA MUNICIPAL DE MARIBONDO,AL,12.236.873/0001-87
UNIMED SANTA MARIA - RS,UNIMED SANTA MARIA/RS - COOPERATIVA DE ASSISTÊNCIA A SAUDE LTDA.,RS,87.497.368/0003-57
PROJETO CRIANÇA - SP,Pediatria e Puerirultura Dr Cury,SP,60.549.953/0001-35
PRONTOCLINICA DE OLHOS   RN,PRONTOCLINICA DE OLHOS LTDA ME,RN,09.415.258/0001-23
PROPAO  - PE,PROPAO PRODUTOS PARA PANIFICAÇAO LTDA,PE,24.407.389/0001-52
PRÓ-VISÃO - SP (TECLASER),PRÓ-VISÃO OFTALMOLOGIA ESPECIALIZADA,SP,02.541.080/0001-18
HOSPITAL DAS CLÍNICAS E PRONTO SOCORRO DAS FRATURAS DE CEILÂNDIA LTA - AC,Pronto socorro das fraturas,AC,01.273.401/0001-88
DROGARIA MILAGROSA,DROGARIA MILAGROSA LTDA - ME,RN,08.052.912/0001-19
QUALIAGUA,QUALIAGUA LABORATORIO E CONSULTORIA LTDA,PE,01.699.696/0001-59
OTORRINOS RECIFE,OTORRINOS RECIFE LTDA,PE,01.343.804/0001-56
IMEGI - BA,INSTITUTO MEDICO DE GESTAO INTEGRADA,BA,19.622.700/0001-46
FUABC - HOSPITAL MUNICIPAL CENTRAL DE OSASCO  SP,FUNDAÇÃO DO ABC,SP,57.571.275/0021-46
HOSPITAL MARCELINO CHAMPAGNAT - PR,ASSOCIACAO PARANAENSE DE CULTURA,PR,76.659.820/0001-51
IMIP - HOSPITAL ALFA  PE,INST. DE MED. INTEGRAL PROFESSOR FERNANDO FIGUEIRA,PE,10.988.301/0001-XX
VIEW CENTER LASER - CE (TECLASER),VIEW CENTER LASER SERVIÇOS OFTALMOLOGICOS LTDA,ce,21.746.440/0001-62
LASER IBIRAPUERA / OPHTHAL - SP (TECLASER),LASER CENTER IBIRAPUERA S/A,SP,03.635.359/0001-23
RESTAURANTE PAPAYA VERDE  - PE,AVATARAN RESTAURANTE LTDA - ME,PE,08.860.768/0001-47
RESTAURANTE SABOR DE FAMILIA - RJ,RODRIGO LOPES GOMES,RJ,32.252.465/0001-26
RESTAURANTE PARMEGIANNO PAJUÇARA,PARMEGIANNO PAJUÇARA RESTAURANTE LTDA - ME,AL,14.755.547/0001-01
FUABC - HOSPITAL DA MULHER - SP,HOSPITAL DA MULHER MARIA JOSE DOS SANTOS STEIN - O.S.S,SP,57.571.275/0008-79
HOSPITAL EVANGELICO GOIANO - GO, HOSPITAL EVANGELICO GOIANO SA,GO,01.020.197/0001-93
OCULAR LASER BH - MG (TECLASER),OCULAR LASER SOCIEDADE LTDA EPP,MG,86.835.741/0001-08
JULIA HERRERA - AM (TECLASER),HOSPITAL DE OLHOS JULIA HERRERA,AM,63.693.162/0001-72
HOSPITAL NIPO BRASILEIRO DE OLHOS – HNOLHOS - PA,HOSPITAL NIPO BRASILEIRO DE OLHOS,PA,12.145.552/0001-77
HVISAO - PE (TECLASER),HOSPITAL DA VISÃO DE PERNAMBUCO,PE,40.812.711/0001-85
HOSPITAL UNIMED SUL CAPIXABA   ES,UNIMED SUL CAPIXABA - COOPERATIVA TRABALHO MÉDICO,ES,32.440.968/0002-06
CMSB CLINICA MEDICA LTDA - BA,CMSB CLINICA MEDICA LTDA - EPP,BA,16.117.517/0001-03
SANTA CASA DE MISERICÓRDIA DE VITORIA DA CONQUISTA - BA,SANTA CASA DE MISERICÓRDIA DE VITORIA DA CONQUISTA,BA,16.196.263/0001-58
LITORAL DESCARTAVEIS - BA,LITO COMERCIAL DE EMBALAGENS EIRELI,BA,32.186.750/0001-96
REAL - RS,clinica real RGR,RS,00.489.050/0001-84
HOSPITAL EVANGELICO DA BAHIA,HOSPITAL EVANGELICO DA BAHIA,BA,15171093000194
PLACI NITEROI - RJ,SETRE-SERVICO DE TRATAMENTO E REABILITACAO ESPECIALIZADA LTDA,RJ,39.490.024/0001-01
SOCIEDADE HOSPITALAR 4 DE JUL LITDA - RJ,SOCIEDAED HOSPITALAR 4 DE JUL LITDA,RJ,22.807.000/0001-30
TECLASER - HOSPITAL VER EXCELENCIA EM OFTALMOLOGIA LTDA,HOSPITAL VER EXCELENCIA EM OFTALMOLOGIA,GO,37.261.120/0001-52
SAGUI CONFECÇÕES - ES,M. T. TEDESCO,ES,28.710.244/0001-87
VITALMED,VITALMED - SERVICOS DE EMERGENCIA MEDICA LTDA,BA,96.706.718/0001-77
HOSPITAL UNIMED CAXIAS DO SUL   SEDE,UNIMED NE RS SOCIEDADE COOP. DE SERVIÇOS MÉD LTDA,RS,87.827.689/0001-00
HOSPITAL UNIMED CAXIAS DO SUL,UNIMED NORDESTE RS SOCIEDADE COOP DE SERV MED LTDA,RS,87.827.689/0024-05
HOSPITAL NOSSA SENHORA DO Ó - PAULISTA - PE,CENTRO DE EDUCACAO E SAUDE COMUNITARIO CESAC,PE,02.748.506/0002-90
HOSPITAL E MATERNIDADE NOSSA SENHORA DO O RECIFE - PE,CENTRO DE EDUCACAO E SAUDE COMUNITARIO CESAC,PE,02.748.506/0003-70
ADOLFO LUTZ LABORATORIO E CONSULTORIOS MEDICOS EIRELI - PE,29401153000122,PE,29.401.153/0001-22
PREFEITURA MUNICIPAL DE SARAPUI - SP,PREFEITURA MUNICIPAL DE SARAPUI,SP,46.634.341/0001-10
FUNDO MUNICIPAL DE SAUDE - RO,FUNDO MUNICIPAL DE SAUDE,RO,11.465.675/0001-22
OLD - INSTITUTO DA IMAGEM DIAGNOSTICA DE FEIRA DE SANTANA LTDA,INSTITUTO DA IMAGEM - BA,BA,04.984.136/0002-34
OLD - INSTITUTO DA IMAGEM DIAGNOSTICA DE FEIRA DE SANTANA LTDA,INSTITUTO DA IMAGEM - BA,BA,04.984.136/0002-34
GRUPO MEDDI - INSTITUTO DA IMAGEM - BA,INSTITUTO DA IMAGEM DIAGNOSTICA DE FEIRA DE SANTANA LTDA,BA,04.984.136/0001-34
MUNICIPIO DE MATINHOS - PR,MUNICIPIO DE MATINHOS,PR,76.017.466/0001-61
FARMÁCIA TRADIÇÃO ROCHA - RN,FARMÁCIA TRADIÇÃO ROCHA LTDA-ME,RN,08.551.442/0001-38
FMSA - UPA CAXANGA  PE,FUNDAÇÃO MANOEL DA SILVA ALMEIDA ,PE,09.767.633/0006-09
MAIS SAUDE - BA,ANDRADE E PINHEIRO SERVICOS MEDICOS E DE ASSISTENCIA A SAUDE LTDA,BA,22.703.529/0001-04
SEMUS - RO,Fundo Municipal de Saúde,RO,21.467.008/0001-32
ECCO ORTOPEDIA E TRAUMATOLOGIA - BA,ECCO EMERGENCIAS CLINICAS CIRURGICAS E ORTOPEDICAS LTDA,BA,15.201.734/0001-06
PROTRAUMA - BA,PROTRAUMA SERVIÇOS MEDICOS LTDA,BA,00.588.915/0001-60
PROTRAUMA CAMAÇARI - BA,PROTRAUMA SERVIÇOS MEDICOS LTDA -EPP,BA,00.588.915/0003-21
ZE DA MANUTENCAO,JOSE SEVERINO DA SILVA 11609243846,PE,33.262.200/0001-71
HOSPITAL ADVENTISTA DO PENFIGO - MS,INSTITUIÇÃO ADVENTISTA CENTRO-OESTE DE PROMOÇÃO A SAÚDE,MS,24.823.958.0002-21
DZYON - SP,DZYON SA,SP,04.017.374/0001-70
AESC - CAPS AD III 24H SCS - SUL-CENTRO-SUL - RS,ASSOCIACAO EDUCADORA SAO CARLOS - AESC,RS,88.625.686/0051-16
TECLASER - INSTITUTO DE OLHOS DE MINAS GERAIS LTDA,CEO,MG,09.205.917/0001-05
INTS - SUZANO - SP,INTS -INSTITUTO NACIONAL DE AMPARO A PESQUISA. TECNOLOGIA E INOVACAO NA GESTAO PUBLICA,SP,11.344.038/0002­89
INTS - HOSPITAL DE CAMPANHA SUZANO - SP,INTS - Instituto Nacional de Amparo a Pesquisa. Tecnologia e Inovação na Gestão Pública,SP,11.344.038/0002-89
INTS - PROJETO COVID MOGI DAS CRUZES - SP ,INTS - Instituto Nacional de Tecnologia e Saúde,SP,11.344.038/0001-06
INTS - HOSPITAL RIVIERA - SP,INTS - Instituto Nacional de Tecnologia e Saúde,SP,11.344.038/0001-06
INTS - UPA DE BROTAS - BA,INTS - INSTITUTO NACIONAL DE AMPARO A PESQUISA. TECNOLOGIA E INOVAÇÃO NA GESTÃO PÚBLICA,BA,11.344.038/0011-70
HOSPITAL OFTALMOLOGICO DO ACRE,HOA - HOSPITAL OFTALMOLOGICO DO ACRE LTDA,AC,08.145.391/0001-99
POLICLINICA DR GERALDO PEREIRA LEITE - MG,PREFEITURA MUNICIPAL DE BAEPENDI,MG,18.008.862/0001-26
CLÍNICA NOSSA SENHORA DAS VITÓRIAS   RJ,CLÍNICA NOSSA SENHORA DAS VITÓRIAS SC LTDA,RJ,31.731.458/0001-44
CARVALHO.CHAVES & ALCOFORADO ADVOGADOS ASSOCIADOS,CARVALHO.CHAVES & ALCOFORADO ADVOGADOS ASSOCIADOS,PE,07.572.579/0001-06
CLINRADI - SE,CLINRADI S/S LTDA,SE,16.894.622/0001-40
SONOIMAX,SONOIMAX CLINICA MEDICA LTDA,PE,32.276.307/0001-06
SOS OFTALMO DAY - BA,SOS - SERVICOS OFTALMOLOGICOS E HOSPITALARES DE SALVADOR LTDA - EPP,BA,13.660.097/0001-00
HOSPITAL PRIMAVERA - SE,Rede Primavera de Assisência Médica Hospitalar,SE,13.356.779/0001-24
DROGARIA SANTA RITA - SP,SILVIO TORRES DOS SANTOS ITAPEVI-ME,SP,02.732.679/0001-28
HOSPITAL MEMORIAL SÃO FRANCISCO   PB,PROCÁRDIO INSTITUTO DE CARDIOLOGIA DA PARAÍBA LTDA,PB,08.973.539/0001-39
FARMÁCIA MONTEIRO - RN,DROGARIA CUNHA DUTRA LTDA - ME,RN,24.191.470/0001-48
INFINITA DIAGNÓSTICO - MATRIZ,INFINITA ASSISTÊNCIA MÉDICA HOSPITALAR S/A,DF,07.196.243/0001-96
INFINITA DIAGNÓSTICO - SOBRADINHO,INFINITA ASSISTÊNCIA MÉDICA HOSPITALAR S/A,DF,07.196.243/0002-77
INFINITA DIAGNÓSTICO - PORTO VELHO,INFINITA ASSISTÊNCIA MÉDICA HOSPITALAR S/A,RO,07.196.243/0004-39
SUDESTE SAUDE DISTRIBUIDORA FARMACEUTICA LTDA - RJ,SUDESTE FARMACEUTICA,RJ,20.273.329/0002-14
DAYHORC   PITUBA  BA,HOSPITAL DE OLHOS RUY CUNHA LTDA,BA,13.188.370/0003-08
HOSPITAL ESTADUAL DA CRIANÇA,LIGA ALVARO BAHIA CONTRA A MORTALIDADE INFANTIL,BA,15.170.723/0005-30
COLP HOSPITAL DAY   BA,CLINICA DE OLHOS LUIZ PRAZERES LTDA,BA,00.726.131/0001-50
CLIVALE   BA,CLIVALE PROSAUDE IGUATEMI LTDA,BA,33.794.132/0001-91
CLÍNICA FLORENCE - BA,CLINICA GERIATRICA SANTO ANTONIO LTDA,BA,22.790.978/0001-37
HAMI - HOSPITAL DE ATENDIMENTOS MÉDICOS IRECÊ - BA,HOSPITAL DE ATENDIMENTOS MÉDICOS IRECÊ ,BA,14.137.673/0001-00
SEMED   BA,SERVIÇOS MÉDICOS HOSPITALARES DE CAMAÇARI LTDA,BA,34.326.108/0001-90
HOSPITAL UNIMED FEIRA DE SANTANA - BA,UNIMED DE FEIRA DE SANTANA,BA,13.342.878/0002-38
LABORATORIO LABORCLINICA,LABORATORIO LABORCLINICA ANALISES E PESQUISAS CLINICAS LTDA,MG,186.863.78/0001-56
LABORATÓRIO SÃO LUCAS  - SP,LSL LABORATÓRIO DE ANALISES CLINICAS,SP,23.875.538/0001-45
SANTA CASA DE CACHOEIRO,SANTA CASA DE MISERICORDIA DE CACHOEIRO DE ITAPEMIRIM,ES,27.187.087/0001-04
SANTA CASA DE MISERICORDIA DE SAO SEBASTIAO DO PARAISO - MG,SANTA CASA DE MISERICORDIA DE SAO SEBASTIAO DO PARAISO,MG,24.899.395/0001-74
HOSPITAL UNIMED DE BIRIGUI COOPERATIVA DO TRABALHO,UNIMED DE BIRIGUI COOPERATIVA DO TRABALHO MÉDICO,SP,65.732.836/0003-98
ORGANEP   AL,CASA DE SAUDE E CLINICA DE REPOUSO ULYSSES PERNAMB,AL,12.301.131/0001-98
AFRAFEP SAÚDE - PB,ASSOCIAÇÃO DOS AUDITORES FISCAIS DO ESTADO DA PARAÍBA,PB,09.306.242/0001-82
QUALITEK,QUALITEK TECNOLOGIA LTDA,PE,10.224.281/0001-10
AESC - HOSPITAL SANTA LUZIA - RS,ASSOCIAÇÃO EDUCADORA SÃO CARLOS,RS,88.625.686/0037-68
HORE   HOSPITAL DE OLHOS DO RECIFE   PE,HOSPITAL DE OLHOS DO RECIFE LTDA,PE,40.881.302/0001-30
AMIU FREGUESIA JPA,ASSISTÊNCIA MEDICO PEDIÁTRICA DE URGÊNCIA LTDA,RJ,29.972.288/0001-48
CLÍNICA TRÊS RIOS,CLÍNICA TRÊS RIOS LTDA,RJ,42.402.362/0001-59
OLD - HOSPITAL DE ÁVILA   PE,OLD - HOSPITAL DE ÁVILA LTDA,PE,35.716.166/0000-00
INSTITUTO MADRE TERESA DE APOIO A VIDA - CE,INSTITUTO MADRE TERESA DE APOIO A VIDA,CE,06.743.967/0001-40
HOSPITAL SÃO FRANCISCO - BA,UNIÃO HOSPITALAR SÃO FRANCISCO,BA,13.802.681/0001-53
HOSPITAL UNIMEC - BA,Unidade Medica Cirurgica LTDA,BA,14.273.957/0001-16
HOSPITAL UNIMED NOROESTE CAPIXABA - ES,UNIMED NOROESTE CAPIXABA COOPERATIVA DE TRABALHO MÉDICO,ES,39.384.664/0002-18
UNINEFRON   DERBY,UNINEFRON UNIDADE NEFROLÓGICA LTDA,PE,01.591.093/0001-39
UNINEFRON   BOA VIAGEM,UNINEFRON UNIDADE NEFROLÓGICA LTDA,PE,01.591.093/0003-09
HEMONEFRO,HEMONEFRO HEMODIÁLISE E NEFROLOGIA LTDA,PE,03.662.592/0001-03
UNISAUDE  - BA,UNISAUDE SERVIÇOS MÉDICOS DIAGNÓSTICOS  E HOSPITALARES,BA,08.145.132/0001-20
ACB RAMOS & CIA LTDA - PR,ACB RAMOS & CIA LTDA,PR,02.494.031/0001-01
UROAGRESTE,UNIDADE DE UROLOGIA DO AGRESTE LTDA,PE,09.594.903/0001-12
HOSPITAL SAGRADA FAMÍLIA   BA,CONG. DAS IRMÃS FRAN. HOSP. DA IMACULADA CONCEIÇÃO,BA,15.233.646/0014-00
NÃO POSSUI - SP,FUNDAÇÃO ZERBINI,SP,50.644.053/0001-13
HOSPITAL NOSSA SENHORA DAS NEVES,HOSPITAL MEMORIAL NOSSA SENHORA DAS NEVES LTDA ­ ME,PB,01.817.749/0001-99
MAIS SABOR - SC,MAIS SABOR GESTÃO EM ALIMENTAÇÃO ,SC,03.160.100/0001-73
HOSPITAL SÃO LUCAS - RJ,CASA DE SAÚDE SÃO LUCAS SA,RJ,30.537.740/0001-22
UNIMED RIO   RJ COPACABANA   RJ,UNIMED-RIO EMPREENDIMENTOS MEDICOS E HOSPITALARES,RJ,09.219.138/0003-12
UNIMED RIO   RJ BOTAFOGO   RJ,UNIMED-RIO EMPREENDIMENTOS MEDICOS E HOSPITALARES,RJ,09.219.138/0004-01
SADALLA LASER - SC (TECLASER),CENTRO CATARINENSE DE EXCIMER LASER,SC,00.243.375/0001-82
HERMELINO MARCELINO - AC,HB TECNOLOGIA,AC,07.054.433/0001-79
INTS - BRASIL  BA,INTS - INSTITUTO NACIONAL DE TECNOLOGIA E SAÚDE,BA,11.344.038/0001-06
HOSPITAL VETERINÁRIO REBOUÇAS,ASSISTÊNCIA MÉDICA VETERINÁRIA LTDA,SP,61.344.685/0001-88
CLENDIUC CARUARU,CLENDIUC- CLINICA DE ENDOSCOPIA DIGESTIVA E UROLOGICA DE CARUARU LTDA,PE,24.413.164/0001-09
INSF OFTALMOLOGIA ASSIS - SP (TECLASER),CLINICA DE OLHOS CORONADO ANTUNES,SP,05.075.025/0001-78
RESTAURANTE TALUDE - PE,RESTAURANTE TALUDE EIRELI,PE,15.619.750/0001-13
MH ELETROLAB - RS,CH OLIVEIRA DO AMARAL ,RS,08.117.833/0001-49
HON NITERÓI (TECLASER),HOSPITAL DE OLHOS DE NITEROI,RJ,39.256.128/0001-56
VISARE HOSP DE OLHOS - SP (TECLASER),CLINICA OFTALMOLOGICA VISARE LTDA EPP,SP,07.454.808/0001-98
HOSPITAL ALEMÃO OSWALDO CRUZ   SP,HOSPITAL ALEMÃO OSWALDO CRUZ SP,SP,60.726.502/0001-26
SECRETARIA MUNICIPAL DE SAÚDE - PA,FUNDO MUNICPAL DE SAUDE DE MARABA,PA,18.478.187/0001-07
PROFAR HOSPITALAR - AM,W L COMERCIO DE PRODUTOS FARMACEUTICOS LTDA,AM,13.741.966/0001-21
HOSPITAL E MATERNIDADE CRISTO REI - TO,HOSPITAL E MATERNIDADE CRISTO REI LTDA,TO,02.667.487/0001-96
FUABC - FACULDADE DE MEDICINA DO ABC  SP,FUNDAÇÃO DO ABC - FACULDADE DE MEDICINA DO ABC,SP,57.571.275/0007-98
HOSPITAL SAMAR - CACOAL - RO,HOSPITAL PANAMERICANO LTDA,RO,00.894.710/0006-17
CLINICÃO VETERINARIA - SP,CLINICÃO VETERINÁRIA FRANCHISING LTDA ,SP,00.256.854/0001-33
SCMS - SANTA CASA DE MISERICORDIA DE SANTOS - SP,IRMANDADE DA SANTA CASA DE MISERICORDIA DE SANTOS,SP,58.198.524/0001-19
WA  NOGUEIRA IMPORTAÇÃO E EXPOTAÇÃO - CE,WA NOGUEIRA ,CE,35.335.786/0001-44
WA NOGUEIRA - CE,WA NOGUEIRA MATERIAL DE EXPEDIENTE,CE,35.355.786/0001-44
VITAVET DISTRIBUIDORA - RJ,Lima e Vieitas Distribuidora Eireli EPP,RJ,04.783.612/0001-59
WL TELECOMUNICACOES E INFORMATICA,WALTER LUNA TORRES NETO 02410496440,PE,26.834.299/0001-73
LOGSERV   RJ/SP,LOGSERV - SERVIÇO DE LOGÍSTICA LTDA,RJ,07.229.857/0001-27
COMPRA AGRUPADA RESTAURANTES E HOTÉIS PE,COMPRA AGRUPADA RESTAURANTES E HOTÉIS PE,PE,01.001.001/0001-01
YOHANA OLIVEIRA DE BARROS - PB,YOHANA OLIVEIRA DE BARROS ATIVIDADES MEDICAS LTDA,PB,36.485.859/0001-85
VASCONCELOS DIAGNOSTICOS,VASCONCELOS DIAGNOSTICOS LTDA,PE,26.306.394/0001-02